timestamp,demand_mw,observation_type,source,report_file,hour,day_of_week,day_of_month,month,is_weekend,is_holiday,observation_type_encoded,lag_1,lag_2,lag_4,lag_8,lag_28,rolling_mean_4,rolling_mean_7,rolling_max_4,rolling_max_7,rolling_min_4,rolling_min_7,rolling_std_7,temperature_c,relative_humidity_percent,solar_irradiance,cooling_degree_index,heat_index,solar_ramp
2026-07-08 03:00:00+05:30,2173.0,night_minimum,MSLDC Daily System Operations Report,WEBSITE08Jul2026.pdf,3,2,8,7,0,0,0,3148.0,3241.0,2188.0,2013.0,2307.0,2980.75,2988.8571428571427,3346.0,3346.0,2188.0,2188.0,382.9492692996587,26.3,85.0,0.0,2.3000000000000007,27.205000000000002,0.0
2026-07-08 10:00:00+05:30,3053.0,morning_peak,MSLDC Daily System Operations Report,WEBSITE08Jul2026.pdf,10,2,8,7,0,0,1,2173.0,3148.0,3346.0,3120.0,3344.0,2977.0,2853.5714285714284,3346.0,3346.0,2173.0,2173.0,483.0820693363451,31.8,69.0,649.5,7.800000000000001,39.478378808657745,649.5
2026-07-08 16:00:00+05:30,3386.0,day_peak,MSLDC Daily System Operations Report,WEBSITE08Jul2026.pdf,16,2,8,7,0,0,2,3053.0,2173.0,3241.0,2941.0,3317.0,2903.75,2869.5714285714284,3241.0,3346.0,2173.0,2173.0,488.2870935364618,29.8,74.5,375.0,5.800000000000001,35.63256343183562,-274.5
2026-07-08 20:00:00+05:30,3315.0,evening_peak,MSLDC Daily System Operations Report,WEBSITE08Jul2026.pdf,20,2,8,7,0,0,3,3386.0,3053.0,3148.0,2938.0,3194.0,2940.0,2933.5714285714284,3386.0,3386.0,2173.0,2173.0,526.6070189248829,26.5,85.0,0.0,2.5,27.424999999999997,-375.0
2026-07-09 03:00:00+05:30,2331.0,night_minimum,MSLDC Daily System Operations Report,WEBSITE09Jul2026.pdf,3,3,9,7,0,0,0,3315.0,3386.0,2173.0,2188.0,2146.0,2981.75,3094.5714285714284,3386.0,3386.0,2173.0,2173.0,422.7003892210401,26.3,85.0,0.0,2.3000000000000007,27.205000000000002,0.0
2026-07-09 10:00:00+05:30,3166.0,morning_peak,MSLDC Daily System Operations Report,WEBSITE09Jul2026.pdf,10,3,9,7,0,0,1,2331.0,3315.0,3053.0,3346.0,2910.0,3021.25,2949.5714285714284,3386.0,3386.0,2331.0,2173.0,490.69741427987174,31.8,69.0,649.5,7.800000000000001,39.478378808657745,649.5
2026-07-09 16:00:00+05:30,3552.0,day_peak,MSLDC Daily System Operations Report,WEBSITE09Jul2026.pdf,16,3,9,7,0,0,2,3166.0,2331.0,3386.0,3241.0,3301.0,3049.5,2938.8571428571427,3386.0,3386.0,2331.0,2173.0,484.04732157487376,29.8,74.5,375.0,5.800000000000001,35.63256343183562,-274.5
2026-07-09 20:00:00+05:30,3332.0,evening_peak,MSLDC Daily System Operations Report,WEBSITE09Jul2026.pdf,20,3,9,7,0,0,3,3552.0,3166.0,3315.0,3148.0,3255.0,3091.0,2996.5714285714284,3552.0,3552.0,2331.0,2173.0,534.5867117511921,26.5,85.0,0.0,2.5,27.424999999999997,-375.0
2026-07-10 03:00:00+05:30,2476.0,night_minimum,MSLDC Daily System Operations Report,WEBSITE10Jul2026.pdf,3,4,10,7,0,0,0,3332.0,3552.0,2331.0,2173.0,2208.0,3095.25,3162.1428571428573,3552.0,3552.0,2331.0,2331.0,399.38345340930516,26.3,85.0,0.0,2.3000000000000007,27.205000000000002,0.0
2026-07-10 10:00:00+05:30,3209.0,morning_peak,MSLDC Daily System Operations Report,WEBSITE10Jul2026.pdf,10,4,10,7,0,0,1,2476.0,3332.0,3166.0,3053.0,3622.0,3131.5,3079.714285714286,3552.0,3552.0,2476.0,2331.0,477.55652869083235,31.8,69.0,649.5,7.800000000000001,39.478378808657745,649.5
2026-07-10 16:00:00+05:30,3623.0,day_peak,MSLDC Daily System Operations Report,WEBSITE10Jul2026.pdf,16,4,10,7,0,0,2,3209.0,2476.0,3552.0,3386.0,3241.0,3142.25,3054.4285714285716,3552.0,3552.0,2476.0,2331.0,463.1036086891918,29.8,74.5,375.0,5.800000000000001,35.63256343183562,-274.5
2026-07-10 20:00:00+05:30,3504.0,evening_peak,MSLDC Daily System Operations Report,WEBSITE10Jul2026.pdf,20,4,10,7,0,0,3,3623.0,3209.0,3332.0,3315.0,3189.0,3160.0,3098.4285714285716,3623.0,3623.0,2476.0,2331.0,504.7464238416673,26.5,85.0,0.0,2.5,27.424999999999997,-375.0
2026-07-11 03:00:00+05:30,2611.0,night_minimum,MSLDC Daily System Operations Report,WEBSITE11Jul2026.pdf,3,5,11,7,1,0,0,3504.0,3623.0,2476.0,2331.0,2096.0,3203.0,3266.0,3623.0,3623.0,2476.0,2476.0,388.9288709605736,26.3,85.0,0.0,2.3000000000000007,27.205000000000002,0.0
2026-07-11 10:00:00+05:30,3180.0,morning_peak,MSLDC Daily System Operations Report,WEBSITE11Jul2026.pdf,10,5,11,7,1,0,1,2611.0,3504.0,3209.0,3166.0,3026.0,3236.75,3186.714285714286,3623.0,3623.0,2611.0,2476.0,462.3518552955507,31.8,69.0,649.5,7.800000000000001,39.478378808657745,649.5
2026-07-11 16:00:00+05:30,3381.0,day_peak,MSLDC Daily System Operations Report,WEBSITE11Jul2026.pdf,16,5,11,7,1,0,2,3180.0,2611.0,3623.0,3552.0,3432.0,3229.5,3133.5714285714284,3623.0,3623.0,2611.0,2476.0,433.8697412599225,29.8,74.5,375.0,5.800000000000001,35.63256343183562,-274.5
2026-07-11 20:00:00+05:30,3291.0,evening_peak,MSLDC Daily System Operations Report,WEBSITE11Jul2026.pdf,20,5,11,7,1,0,3,3381.0,3180.0,3504.0,3332.0,2935.0,3169.0,3140.5714285714284,3504.0,3623.0,2611.0,2476.0,437.9805388153132,26.5,85.0,0.0,2.5,27.424999999999997,-375.0
2026-07-12 03:00:00+05:30,2662.0,night_minimum,MSLDC Daily System Operations Report,WEBSITE12Jul2026.pdf,3,6,12,7,1,0,0,3291.0,3381.0,2611.0,2476.0,2164.0,3115.75,3257.0,3381.0,3623.0,2611.0,2611.0,325.84403221991516,26.3,85.0,0.0,2.3000000000000007,27.205000000000002,0.0
2026-07-12 10:00:00+05:30,2814.0,morning_peak,MSLDC Daily System Operations Report,WEBSITE12Jul2026.pdf,10,6,12,7,1,0,1,2662.0,3291.0,3180.0,3209.0,2442.0,3128.5,3178.8571428571427,3381.0,3623.0,2662.0,2611.0,397.0774183839669,31.8,69.0,649.5,7.800000000000001,39.478378808657745,649.5
2026-07-12 16:00:00+05:30,2880.0,day_peak,MSLDC Daily System Operations Report,WEBSITE12Jul2026.pdf,16,6,12,7,1,0,2,2814.0,2662.0,3381.0,3623.0,2548.0,3037.0,3063.285714285714,3381.0,3504.0,2662.0,2611.0,362.48756957341,29.8,74.5,375.0,5.800000000000001,35.63256343183562,-274.5
2026-07-12 20:00:00+05:30,3071.0,evening_peak,MSLDC Daily System Operations Report,WEBSITE12Jul2026.pdf,20,6,12,7,1,0,3,2880.0,2814.0,3291.0,3504.0,2717.0,2911.75,2974.1428571428573,3291.0,3381.0,2662.0,2611.0,308.7941215823403,26.5,85.0,0.0,2.5,27.424999999999997,-375.0
2026-07-13 03:00:00+05:30,2616.0,night_minimum,MSLDC Daily System Operations Report,WEBSITE13Jul2026.pdf,3,0,13,7,0,0,0,3071.0,2880.0,2662.0,2611.0,2013.0,2856.75,3039.8571428571427,3071.0,3381.0,2662.0,2662.0,264.3869818854095,26.3,85.0,0.0,2.3000000000000007,27.205000000000002,0.0
2026-07-13 10:00:00+05:30,3601.0,morning_peak,MSLDC Daily System Operations Report,WEBSITE13Jul2026.pdf,10,0,13,7,0,0,1,2616.0,3071.0,2814.0,3180.0,3120.0,2845.25,2959.285714285714,3071.0,3381.0,2616.0,2616.0,298.3218140899261,31.8,69.0,649.5,7.800000000000001,39.478378808657745,649.5
2026-07-13 16:00:00+05:30,3721.0,day_peak,MSLDC Daily System Operations Report,WEBSITE13Jul2026.pdf,16,0,13,7,0,0,2,3601.0,2616.0,2880.0,3381.0,2941.0,3042.0,2990.714285714286,3601.0,3601.0,2616.0,2616.0,356.1402880353533,29.8,74.5,375.0,5.800000000000001,35.63256343183562,-274.5
2026-07-13 20:00:00+05:30,3571.0,evening_peak,MSLDC Daily System Operations Report,WEBSITE13Jul2026.pdf,20,0,13,7,0,0,3,3721.0,3601.0,3071.0,3291.0,2938.0,3252.25,3052.1428571428573,3721.0,3721.0,2616.0,2616.0,443.0475627482251,26.5,85.0,0.0,2.5,27.424999999999997,-375.0
2026-07-14 03:00:00+05:30,2695.0,night_minimum,MSLDC Daily System Operations Report,WEBSITE14Jul2026.pdf,3,1,14,7,0,0,0,3571.0,3721.0,2616.0,2662.0,2188.0,3377.25,3182.0,3721.0,3721.0,2616.0,2616.0,442.85211978718075,26.3,85.0,0.0,2.3000000000000007,27.205000000000002,0.0
2026-07-14 10:00:00+05:30,3598.0,morning_peak,MSLDC Daily System Operations Report,WEBSITE14Jul2026.pdf,10,1,14,7,0,0,1,2695.0,3571.0,3601.0,2814.0,3346.0,3397.0,3165.0,3721.0,3721.0,2695.0,2616.0,461.2356592169917,31.8,69.0,649.5,7.800000000000001,39.478378808657745,649.5
2026-07-14 16:00:00+05:30,3722.0,day_peak,MSLDC Daily System Operations Report,WEBSITE14Jul2026.pdf,16,1,14,7,0,0,2,3598.0,2695.0,3721.0,2880.0,3241.0,3396.25,3267.5714285714284,3721.0,3721.0,2695.0,2616.0,467.0916602205808,29.8,74.5,375.0,5.800000000000001,35.63256343183562,-274.5
2026-07-14 20:00:00+05:30,3533.0,evening_peak,MSLDC Daily System Operations Report,WEBSITE14Jul2026.pdf,20,1,14,7,0,0,3,3722.0,3598.0,3571.0,3071.0,3148.0,3396.5,3360.5714285714284,3722.0,3722.0,2695.0,2616.0,485.86172832156524,26.5,85.0,0.0,2.5,27.424999999999997,-375.0
2026-07-15 03:00:00+05:30,2616.0,night_minimum,MSLDC Daily System Operations Report,WEBSITE15Jul2026.pdf,3,2,15,7,0,0,0,3533.0,3722.0,2695.0,2616.0,2173.0,3387.0,3491.5714285714284,3722.0,3722.0,2695.0,2695.0,358.6055665783113,26.3,85.0,0.0,2.3000000000000007,27.205000000000002,0.0
2026-07-15 10:00:00+05:30,4033.0,morning_peak,MSLDC Daily System Operations Report,WEBSITE15Jul2026.pdf,10,2,15,7,0,0,1,2616.0,3533.0,3598.0,3601.0,3053.0,3367.25,3350.8571428571427,3722.0,3722.0,2616.0,2616.0,480.90797060401866,31.8,69.0,649.5,7.800000000000001,39.478378808657745,649.5
2026-07-15 16:00:00+05:30,3928.0,day_peak,MSLDC Daily System Operations Report,WEBSITE15Jul2026.pdf,16,2,15,7,0,0,2,4033.0,2616.0,3722.0,3721.0,3386.0,3476.0,3395.4285714285716,4033.0,4033.0,2616.0,2616.0,532.6101942768449,29.8,74.5,375.0,5.800000000000001,35.63256343183562,-274.5
2026-07-15 20:00:00+05:30,3567.0,evening_peak,MSLDC Daily System Operations Report,WEBSITE15Jul2026.pdf,20,2,15,7,0,0,3,3928.0,4033.0,3533.0,3571.0,3315.0,3527.5,3446.4285714285716,4033.0,4033.0,2616.0,2616.0,568.1316916416637,26.5,85.0,0.0,2.5,27.424999999999997,-375.0
2026-07-16 03:00:00+05:30,2759.0,night_minimum,MSLDC Daily System Operations Report,WEBSITE16Jul2026.pdf,3,3,16,7,0,0,0,3567.0,3928.0,2616.0,2695.0,2331.0,3536.0,3571.0,4033.0,4033.0,2616.0,2616.0,461.5026182663169,26.3,85.0,0.0,2.3000000000000007,27.205000000000002,0.0
2026-07-16 10:00:00+05:30,3547.0,morning_peak,MSLDC Daily System Operations Report,WEBSITE16Jul2026.pdf,10,3,16,7,0,0,1,2759.0,3567.0,4033.0,3598.0,3166.0,3571.75,3451.1428571428573,4033.0,4033.0,2759.0,2616.0,553.1670719807975,31.8,69.0,649.5,7.800000000000001,39.478378808657745,649.5
2026-07-16 16:00:00+05:30,3783.0,day_peak,MSLDC Daily System Operations Report,WEBSITE16Jul2026.pdf,16,3,16,7,0,0,2,3547.0,2759.0,3928.0,3722.0,3552.0,3450.25,3426.1428571428573,3928.0,4033.0,2759.0,2616.0,542.7419363968559,29.8,74.5,375.0,5.800000000000001,35.63256343183562,-274.5
2026-07-16 20:00:00+05:30,3571.0,evening_peak,MSLDC Daily System Operations Report,WEBSITE16Jul2026.pdf,20,3,16,7,0,0,3,3783.0,3547.0,3567.0,3533.0,3332.0,3414.0,3461.8571428571427,3783.0,4033.0,2759.0,2616.0,558.9294614324263,26.5,85.0,0.0,2.5,27.424999999999997,-375.0
2026-07-17 03:00:00+05:30,2735.0,night_minimum,MSLDC Daily System Operations Report,WEBSITE17Jul2026.pdf,3,4,17,7,0,0,0,3571.0,3783.0,2759.0,2616.0,2476.0,3415.0,3598.285714285714,3783.0,4033.0,2759.0,2759.0,416.4455603820311,26.3,85.0,0.0,2.3000000000000007,27.205000000000002,0.0
2026-07-17 10:00:00+05:30,3649.0,morning_peak,MSLDC Daily System Operations Report,WEBSITE17Jul2026.pdf,10,4,17,7,0,0,1,2735.0,3571.0,3547.0,4033.0,3209.0,3409.0,3412.8571428571427,3783.0,3928.0,2735.0,2735.0,475.42276925259756,31.8,69.0,649.5,7.800000000000001,39.478378808657745,649.5
2026-07-17 16:00:00+05:30,3763.0,day_peak,MSLDC Daily System Operations Report,WEBSITE17Jul2026.pdf,16,4,17,7,0,0,2,3649.0,2735.0,3783.0,3928.0,3623.0,3434.5,3373.0,3783.0,3783.0,2735.0,2735.0,435.0157085286297,29.8,74.5,375.0,5.800000000000001,35.63256343183562,-274.5
2026-07-17 20:00:00+05:30,3645.0,evening_peak,MSLDC Daily System Operations Report,WEBSITE17Jul2026.pdf,20,4,17,7,0,0,3,3763.0,3649.0,3571.0,3567.0,3504.0,3429.5,3401.0,3763.0,3783.0,2735.0,2735.0,455.4133653433246,26.5,85.0,0.0,2.5,27.424999999999997,-375.0
2026-07-18 03:00:00+05:30,2587.0,night_minimum,MSLDC Daily System Operations Report,WEBSITE18Jul2026.pdf,3,5,18,7,1,0,0,3645.0,3763.0,2735.0,2759.0,2611.0,3448.0,3527.5714285714284,3763.0,3783.0,2735.0,2735.0,360.47138450592456,26.3,85.0,0.0,2.3000000000000007,27.205000000000002,0.0
2026-07-18 10:00:00+05:30,3734.0,morning_peak,MSLDC Daily System Operations Report,WEBSITE18Jul2026.pdf,10,5,18,7,1,0,1,2587.0,3645.0,3649.0,3547.0,3180.0,3411.0,3390.4285714285716,3763.0,3783.0,2587.0,2587.0,505.3509859964834,31.8,69.0,649.5,7.800000000000001,39.478378808657745,649.5
2026-07-18 16:00:00+05:30,3870.0,day_peak,MSLDC Daily System Operations Report,WEBSITE18Jul2026.pdf,16,5,18,7,1,0,2,3734.0,2587.0,3763.0,3783.0,3381.0,3432.25,3383.4285714285716,3763.0,3763.0,2587.0,2587.0,499.31014314513783,29.8,74.5,375.0,5.800000000000001,35.63256343183562,-274.5
2026-07-18 20:00:00+05:30,3281.0,evening_peak,MSLDC Daily System Operations Report,WEBSITE18Jul2026.pdf,20,5,18,7,1,0,3,3870.0,3734.0,3645.0,3571.0,3291.0,3459.0,3426.1428571428573,3870.0,3870.0,2587.0,2587.0,529.8837698248632,26.5,85.0,0.0,2.5,27.424999999999997,-375.0
2026-07-19 03:00:00+05:30,2458.0,night_minimum,MSLDC Daily System Operations Report,WEBSITE19Jul2026.pdf,3,6,19,7,1,0,0,3281.0,3870.0,2587.0,2735.0,2662.0,3368.0,3504.1428571428573,3870.0,3870.0,2587.0,2587.0,444.4961299311938,26.3,85.0,0.0,2.3000000000000007,27.205000000000002,0.0
2026-07-19 10:00:00+05:30,2723.0,morning_peak,MSLDC Daily System Operations Report,WEBSITE19Jul2026.pdf,10,6,19,7,1,0,1,2458.0,3281.0,3734.0,3649.0,2814.0,3335.75,3334.0,3870.0,3870.0,2458.0,2458.0,585.4132443553575,31.8,69.0,649.5,7.800000000000001,39.478378808657745,649.5
2026-07-19 16:00:00+05:30,3164.0,day_peak,MSLDC Daily System Operations Report,WEBSITE19Jul2026.pdf,16,6,19,7,1,0,2,2723.0,2458.0,3870.0,3763.0,2880.0,3083.0,3185.4285714285716,3870.0,3870.0,2458.0,2458.0,590.3413863019862,29.8,74.5,375.0,5.800000000000001,35.63256343183562,-274.5
2026-07-19 20:00:00+05:30,2828.0,evening_peak,MSLDC Daily System Operations Report,WEBSITE19Jul2026.pdf,20,6,19,7,1,0,3,3164.0,2723.0,3281.0,3645.0,3071.0,2906.5,3116.714285714286,3281.0,3870.0,2458.0,2458.0,554.8602569673766,26.5,85.0,0.0,2.5,27.424999999999997,-375.0
2026-07-20 03:00:00+05:30,2525.0,night_minimum,MSLDC Daily System Operations Report,WEBSITE20Jul2026.pdf,3,0,20,7,0,0,0,2828.0,3164.0,2458.0,2587.0,2616.0,2793.25,3151.1428571428573,3164.0,3870.0,2458.0,2458.0,523.0807549417916,26.3,85.0,0.0,2.3000000000000007,27.205000000000002,0.0
2026-07-20 10:00:00+05:30,3618.0,morning_peak,MSLDC Daily System Operations Report,WEBSITE20Jul2026.pdf,10,0,20,7,0,0,1,2525.0,2828.0,2723.0,3734.0,3601.0,2810.0,2978.4285714285716,3164.0,3870.0,2525.0,2458.0,497.52750582014784,31.8,69.0,649.5,7.800000000000001,39.478378808657745,649.5
2026-07-20 16:00:00+05:30,3792.0,day_peak,MSLDC Daily System Operations Report,WEBSITE20Jul2026.pdf,16,0,20,7,0,0,2,3618.0,2525.0,3164.0,3870.0,3721.0,3033.75,2942.4285714285716,3618.0,3618.0,2525.0,2458.0,426.27880436120347,29.8,74.5,375.0,5.800000000000001,35.63256343183562,-274.5
2026-07-20 20:00:00+05:30,3255.0,evening_peak,MSLDC Daily System Operations Report,WEBSITE20Jul2026.pdf,20,0,20,7,0,0,3,3792.0,3618.0,2828.0,3281.0,3571.0,3190.75,3015.4285714285716,3792.0,3792.0,2525.0,2458.0,526.0100940548739,26.5,85.0,0.0,2.5,27.424999999999997,-375.0
2026-07-21 03:00:00+05:30,2367.0,night_minimum,MSLDC Daily System Operations Report,WEBSITE21Jul2026.pdf,3,1,21,7,0,0,0,3255.0,3792.0,2525.0,2458.0,2695.0,3297.5,3129.285714285714,3792.0,3792.0,2525.0,2525.0,468.3380952138848,26.3,85.0,0.0,2.3000000000000007,27.205000000000002,0.0
2026-07-21 10:00:00+05:30,3489.0,morning_peak,MSLDC Daily System Operations Report,WEBSITE21Jul2026.pdf,10,1,21,7,0,0,1,2367.0,3255.0,3618.0,2723.0,3598.0,3258.0,3078.4285714285716,3792.0,3792.0,2367.0,2367.0,534.4700980544039,31.8,69.0,649.5,7.800000000000001,39.478378808657745,649.5
2026-07-21 16:00:00+05:30,3896.0,day_peak,MSLDC Daily System Operations Report,WEBSITE21Jul2026.pdf,16,1,21,7,0,0,2,3489.0,2367.0,3792.0,3164.0,3722.0,3225.75,3124.8571428571427,3792.0,3792.0,2367.0,2367.0,556.7924294778154,29.8,74.5,375.0,5.800000000000001,35.63256343183562,-274.5
2026-07-21 20:00:00+05:30,3396.0,evening_peak,MSLDC Daily System Operations Report,WEBSITE21Jul2026.pdf,20,1,21,7,0,0,3,3896.0,3489.0,3255.0,2828.0,3533.0,3251.75,3277.4285714285716,3896.0,3896.0,2367.0,2367.0,606.0387383500754,26.5,85.0,0.0,2.5,27.424999999999997,-375.0
2026-07-22 03:00:00+05:30,2315.0,night_minimum,MSLDC Daily System Operations Report,WEBSITE22Jul2026.pdf,3,2,22,7,0,0,0,3396.0,3896.0,2367.0,2525.0,2616.0,3287.0,3401.8571428571427,3896.0,3896.0,2367.0,2367.0,507.1539636610778,26.3,85.0,0.0,2.3000000000000007,27.205000000000002,0.0
2026-07-22 10:00:00+05:30,3412.0,morning_peak,MSLDC Daily System Operations Report,WEBSITE22Jul2026.pdf,10,2,22,7,0,0,1,2315.0,3396.0,3489.0,3618.0,4033.0,3274.0,3215.714285714286,3896.0,3896.0,2315.0,2315.0,637.0802446279721,31.8,69.0,649.5,7.800000000000001,39.478378808657745,649.5
2026-07-22 16:00:00+05:30,3394.0,day_peak,MSLDC Daily System Operations Report,WEBSITE22Jul2026.pdf,16,2,22,7,0,0,2,3412.0,2315.0,3896.0,3792.0,3928.0,3254.75,3161.4285714285716,3896.0,3896.0,2315.0,2315.0,594.561703313977,29.8,74.5,375.0,5.800000000000001,35.63256343183562,-274.5
2026-07-22 20:00:00+05:30,3327.0,evening_peak,MSLDC Daily System Operations Report,WEBSITE22Jul2026.pdf,20,2,22,7,0,0,3,3394.0,3412.0,3396.0,3255.0,3567.0,3129.25,3181.285714285714,3412.0,3896.0,2315.0,2315.0,600.499157447566,26.5,85.0,0.0,2.5,27.424999999999997,-375.0
2026-07-23 03:00:00+05:30,2230.0,night_minimum,MSLDC Daily System Operations Report,WEBSITE23Jul2026.pdf,3,3,23,7,0,0,0,3327.0,3394.0,2315.0,2367.0,2759.0,3112.0,3318.4285714285716,3412.0,3896.0,2315.0,2315.0,481.3366310400145,26.3,85.0,0.0,2.3000000000000007,27.205000000000002,0.0
2026-07-23 10:00:00+05:30,3118.0,morning_peak,MSLDC Daily System Operations Report,WEBSITE23Jul2026.pdf,10,3,23,7,0,0,1,2230.0,3327.0,3412.0,3489.0,3547.0,3090.75,3138.5714285714284,3412.0,3896.0,2230.0,2230.0,621.7249813068081,31.8,69.0,649.5,7.800000000000001,39.478378808657745,649.5
2026-07-23 16:00:00+05:30,3402.0,day_peak,MSLDC Daily System Operations Report,WEBSITE23Jul2026.pdf,16,3,23,7,0,0,2,3118.0,2230.0,3394.0,3896.0,3783.0,3017.25,3027.4285714285716,3394.0,3412.0,2230.0,2230.0,525.9131288032438,29.8,74.5,375.0,5.800000000000001,35.63256343183562,-274.5
2026-07-23 20:00:00+05:30,3336.0,evening_peak,MSLDC Daily System Operations Report,WEBSITE23Jul2026.pdf,20,3,23,7,0,0,3,3402.0,3118.0,3327.0,3396.0,3571.0,3019.25,3028.285714285714,3402.0,3412.0,2230.0,2230.0,526.6183672849847,26.5,85.0,0.0,2.5,27.424999999999997,-375.0
2026-07-24 03:00:00+05:30,2205.0,night_minimum,MSLDC Daily System Operations Report,WEBSITE24Jul2026.pdf,3,4,24,7,0,0,0,3336.0,3402.0,2230.0,2315.0,2735.0,3021.5,3174.1428571428573,3402.0,3412.0,2230.0,2230.0,428.35982871546383,26.3,85.0,0.0,2.3000000000000007,27.205000000000002,0.0
2026-07-24 10:00:00+05:30,3511.0,morning_peak,MSLDC Daily System Operations Report,WEBSITE24Jul2026.pdf,10,4,24,7,0,0,1,2205.0,3336.0,3118.0,3412.0,3649.0,3015.25,3001.714285714286,3402.0,3402.0,2205.0,2205.0,543.98122341545,31.8,69.0,649.5,7.800000000000001,39.478378808657745,649.5
2026-07-24 16:00:00+05:30,3449.0,day_peak,MSLDC Daily System Operations Report,WEBSITE24Jul2026.pdf,16,4,24,7,0,0,2,3511.0,2205.0,3402.0,3394.0,3763.0,3113.5,3018.4285714285716,3511.0,3511.0,2205.0,2205.0,559.6161950071532,29.8,74.5,375.0,5.800000000000001,35.63256343183562,-274.5
2026-07-24 20:00:00+05:30,3370.0,evening_peak,MSLDC Daily System Operations Report,WEBSITE24Jul2026.pdf,20,4,24,7,0,0,3,3449.0,3511.0,3336.0,3327.0,3645.0,3125.25,3035.8571428571427,3511.0,3511.0,2205.0,2205.0,572.5776304197897,26.5,85.0,0.0,2.5,27.424999999999997,-375.0
2026-07-25 03:00:00+05:30,2302.0,night_minimum,MSLDC Daily System Operations Report,WEBSITE25Jul2026.pdf,3,5,25,7,1,0,0,3370.0,3449.0,2205.0,2230.0,2587.0,3133.75,3198.714285714286,3511.0,3511.0,2205.0,2205.0,455.2763681859298,26.3,85.0,0.0,2.3000000000000007,27.205000000000002,0.0
2026-07-25 10:00:00+05:30,3264.0,morning_peak,MSLDC Daily System Operations Report,WEBSITE25Jul2026.pdf,10,5,25,7,1,0,1,2302.0,3370.0,3511.0,3118.0,3734.0,3158.0,3082.1428571428573,3511.0,3511.0,2302.0,2205.0,569.5200987297476,31.8,69.0,649.5,7.800000000000001,39.478378808657745,649.5
2026-07-25 16:00:00+05:30,3270.0,day_peak,MSLDC Daily System Operations Report,WEBSITE25Jul2026.pdf,16,5,25,7,1,0,2,3264.0,2302.0,3449.0,3402.0,3870.0,3096.25,3062.4285714285716,3449.0,3511.0,2302.0,2205.0,558.8920161482755,29.8,74.5,375.0,5.800000000000001,35.63256343183562,-274.5
2026-07-25 20:00:00+05:30,3241.0,evening_peak,MSLDC Daily System Operations Report,WEBSITE25Jul2026.pdf,20,5,25,7,1,0,3,3270.0,3264.0,3370.0,3336.0,3281.0,3051.5,3053.0,3370.0,3511.0,2302.0,2205.0,554.0433196059658,26.5,85.0,0.0,2.5,27.424999999999997,-375.0
2026-07-26 03:00:00+05:30,2455.0,night_minimum,MSLDC Daily System Operations Report,WEBSITE26Jul2026.pdf,3,6,26,7,1,0,0,3241.0,3270.0,2302.0,2205.0,2458.0,3019.25,3201.0,3270.0,3511.0,2302.0,2302.0,409.205734726839,26.3,85.0,0.0,2.3000000000000007,27.205000000000002,0.0
2026-07-26 10:00:00+05:30,2599.0,morning_peak,MSLDC Daily System Operations Report,WEBSITE26Jul2026.pdf,10,6,26,7,1,0,1,2455.0,3241.0,3264.0,3511.0,2723.0,3057.5,3050.1428571428573,3270.0,3449.0,2455.0,2302.0,466.5131039858094,31.8,69.0,649.5,7.800000000000001,39.478378808657745,649.5
2026-07-26 16:00:00+05:30,2771.0,day_peak,MSLDC Daily System Operations Report,WEBSITE26Jul2026.pdf,16,6,26,7,1,0,2,2599.0,2455.0,3270.0,3449.0,3164.0,2891.25,2928.714285714286,3270.0,3370.0,2455.0,2302.0,455.89388907424075,29.8,74.5,375.0,5.800000000000001,35.63256343183562,-274.5
2026-07-26 20:00:00+05:30,2919.0,evening_peak,MSLDC Daily System Operations Report,WEBSITE26Jul2026.pdf,20,6,26,7,1,0,3,2771.0,2599.0,3241.0,3370.0,2828.0,2766.5,2843.1428571428573,3241.0,3270.0,2455.0,2302.0,413.50511023501747,26.5,85.0,0.0,2.5,27.424999999999997,-375.0
2026-07-27 03:00:00+05:30,2294.0,night_minimum,MSLDC Daily System Operations Report,WEBSITE27Jul2026.pdf,3,0,27,7,0,0,0,2919.0,2771.0,2455.0,2302.0,2525.0,2686.0,2931.285714285714,2919.0,3270.0,2455.0,2455.0,337.7507534093291,26.3,85.0,0.0,2.3000000000000007,27.205000000000002,0.0
2026-07-27 10:00:00+05:30,3712.0,morning_peak,MSLDC Daily System Operations Report,WEBSITE27Jul2026.pdf,10,0,27,7,0,0,1,2294.0,2919.0,2599.0,3264.0,3618.0,2645.75,2792.714285714286,2919.0,3270.0,2294.0,2294.0,375.38278875733744,31.8,69.0,649.5,7.800000000000001,39.478378808657745,649.5
2026-07-27 16:00:00+05:30,3518.0,day_peak,MSLDC Daily System Operations Report,WEBSITE27Jul2026.pdf,16,0,27,7,0,0,2,3712.0,2294.0,2771.0,3270.0,3792.0,2924.0,2855.8571428571427,3712.0,3712.0,2294.0,2294.0,489.0209363518847,29.8,74.5,375.0,5.800000000000001,35.63256343183562,-274.5
2026-07-27 20:00:00+05:30,3439.0,evening_peak,MSLDC Daily System Operations Report,WEBSITE27Jul2026.pdf,20,0,27,7,0,0,3,3518.0,3712.0,2919.0,3241.0,3255.0,3110.75,2895.4285714285716,3712.0,3712.0,2294.0,2294.0,534.4757110611143,26.5,85.0,0.0,2.5,27.424999999999997,-375.0
2026-07-28 03:00:00+05:30,2453.0,night_minimum,MSLDC Daily System Operations Report,WEBSITE28Jul2026.pdf,3,1,28,7,0,0,0,3439.0,3518.0,2294.0,2455.0,2367.0,3240.75,3036.0,3712.0,3712.0,2294.0,2294.0,528.7021845992301,26.3,85.0,0.0,2.3000000000000007,27.205000000000002,0.0
2026-07-28 10:00:00+05:30,3934.0,morning_peak,MSLDC Daily System Operations Report,WEBSITE28Jul2026.pdf,10,1,28,7,0,0,1,2453.0,3439.0,3712.0,2599.0,3489.0,3280.5,3015.1428571428573,3712.0,3712.0,2453.0,2294.0,551.2154535120314,31.8,69.0,649.5,7.800000000000001,39.478378808657745,649.5
2026-07-28 16:00:00+05:30,3589.0,day_peak,MSLDC Daily System Operations Report,WEBSITE28Jul2026.pdf,16,1,28,7,0,0,2,3934.0,2453.0,3518.0,2771.0,3896.0,3336.0,3181.285714285714,3934.0,3934.0,2453.0,2294.0,634.3631226896549,29.8,74.5,375.0,5.800000000000001,35.63256343183562,-274.5
2026-07-28 20:00:00+05:30,3477.0,evening_peak,MSLDC Daily System Operations Report,WEBSITE28Jul2026.pdf,20,1,28,7,0,0,3,3589.0,3934.0,3439.0,2919.0,3396.0,3353.75,3277.0,3934.0,3934.0,2453.0,2294.0,638.7237274440326,26.5,85.0,0.0,2.5,27.424999999999997,-375.0
2026-07-29 03:00:00+05:30,2540.0,night_minimum,MSLDC Daily System Operations Report,WEBSITE29Jul2026.pdf,3,2,29,7,0,0,0,3477.0,3589.0,2453.0,2294.0,2315.0,3363.25,3446.0,3934.0,3934.0,2453.0,2453.0,469.32433703498975,26.3,85.0,0.0,2.3000000000000007,27.205000000000002,0.0
2026-07-29 10:00:00+05:30,3610.0,morning_peak,MSLDC Daily System Operations Report,WEBSITE29Jul2026.pdf,10,2,29,7,0,0,1,2540.0,3477.0,3934.0,3712.0,3412.0,3385.0,3278.5714285714284,3934.0,3934.0,2540.0,2453.0,559.0834335895535,31.8,69.0,649.5,7.800000000000001,39.478378808657745,649.5
2026-07-29 16:00:00+05:30,3851.0,day_peak,MSLDC Daily System Operations Report,WEBSITE29Jul2026.pdf,16,2,29,7,0,0,2,3610.0,2540.0,3589.0,3518.0,3394.0,3304.0,3291.714285714286,3610.0,3934.0,2540.0,2453.0,566.6797197376167,29.8,74.5,375.0,5.800000000000001,35.63256343183562,-274.5
2026-07-29 20:00:00+05:30,3532.0,evening_peak,MSLDC Daily System Operations Report,WEBSITE29Jul2026.pdf,20,2,29,7,0,0,3,3851.0,3610.0,3477.0,3439.0,3327.0,3369.5,3350.5714285714284,3851.0,3934.0,2540.0,2453.0,604.650548428003,26.5,85.0,0.0,2.5,27.424999999999997,-375.0
2026-07-30 03:00:00+05:30,2442.0,night_minimum,MSLDC Daily System Operations Report,WEBSITE30Jul2026.pdf,3,3,30,7,0,0,0,3532.0,3851.0,2540.0,2453.0,2230.0,3383.25,3504.714285714286,3851.0,3934.0,2540.0,2540.0,457.27005670818227,26.3,85.0,0.0,2.3000000000000007,27.205000000000002,0.0
2026-07-30 10:00:00+05:30,3550.0,morning_peak,MSLDC Daily System Operations Report,WEBSITE30Jul2026.pdf,10,3,30,7,0,0,1,2442.0,3532.0,3610.0,3934.0,3118.0,3358.75,3291.5714285714284,3851.0,3851.0,2442.0,2442.0,560.0062074485884,31.8,69.0,649.5,7.800000000000001,39.478378808657745,649.5
2026-07-30 16:00:00+05:30,3645.0,day_peak,MSLDC Daily System Operations Report,WEBSITE30Jul2026.pdf,16,3,30,7,0,0,2,3550.0,2442.0,3851.0,3589.0,3402.0,3343.75,3286.0,3851.0,3851.0,2442.0,2442.0,556.7384185294434,29.8,74.5,375.0,5.800000000000001,35.63256343183562,-274.5
2026-07-30 20:00:00+05:30,3476.0,evening_peak,MSLDC Daily System Operations Report,WEBSITE30Jul2026.pdf,20,3,30,7,0,0,3,3645.0,3550.0,3532.0,3477.0,3336.0,3292.25,3310.0,3645.0,3851.0,2442.0,2442.0,569.8119572864945,26.5,85.0,0.0,2.5,27.424999999999997,-375.0
2026-07-31 03:00:00+05:30,2406.0,night_minimum,MSLDC Daily System Operations Report,WEBSITE31Jul2026.pdf,3,4,31,7,0,0,0,3476.0,3645.0,2442.0,2540.0,2205.0,3278.25,3443.714285714286,3645.0,3851.0,2442.0,2442.0,457.8233699749693,26.3,85.0,0.0,2.3000000000000007,27.205000000000002,0.0
2026-07-31 10:00:00+05:30,3556.0,morning_peak,MSLDC Daily System Operations Report,WEBSITE31Jul2026.pdf,10,4,31,7,0,0,1,2406.0,3476.0,3550.0,3610.0,3511.0,3269.25,3271.714285714286,3645.0,3851.0,2406.0,2406.0,591.5693011771631,31.8,69.0,649.5,7.800000000000001,39.478378808657745,649.5
2026-07-31 16:00:00+05:30,3496.0,day_peak,MSLDC Daily System Operations Report,WEBSITE31Jul2026.pdf,16,4,31,7,0,0,2,3556.0,2406.0,3645.0,3851.0,3449.0,3270.75,3229.5714285714284,3645.0,3645.0,2406.0,2406.0,552.6511428688849,29.8,74.5,375.0,5.800000000000001,35.63256343183562,-274.5
2026-07-31 20:00:00+05:30,3444.0,evening_peak,MSLDC Daily System Operations Report,WEBSITE31Jul2026.pdf,20,4,31,7,0,0,3,3496.0,3556.0,3476.0,3532.0,3370.0,3233.5,3224.4285714285716,3556.0,3645.0,2406.0,2406.0,549.5264194870749,26.5,85.0,0.0,2.5,27.424999999999997,-375.0
2026-08-01 03:00:00+05:30,2396.0,night_minimum,MSLDC Daily System Operations Report,WEBSITE01Aug2026.pdf,3,5,1,8,1,0,0,3444.0,3496.0,2406.0,2442.0,2302.0,3225.5,3367.5714285714284,3556.0,3645.0,2406.0,2406.0,429.0422889579591,26.3,85.0,0.0,2.3000000000000007,27.205000000000002,0.0
2026-08-01 10:00:00+05:30,2974.0,morning_peak,MSLDC Daily System Operations Report,WEBSITE01Aug2026.pdf,10,5,1,8,1,0,1,2396.0,3444.0,3556.0,3550.0,3264.0,3223.0,3202.714285714286,3556.0,3645.0,2396.0,2396.0,551.4963627216747,31.8,69.0,649.5,7.800000000000001,39.478378808657745,649.5
2026-08-01 16:00:00+05:30,3352.0,day_peak,MSLDC Daily System Operations Report,WEBSITE01Aug2026.pdf,16,5,1,8,1,0,2,2974.0,2396.0,3496.0,3645.0,3270.0,3077.5,3106.8571428571427,3496.0,3556.0,2396.0,2396.0,519.1760872033767,29.8,74.5,375.0,5.800000000000001,35.63256343183562,-274.5
2026-08-01 20:00:00+05:30,3270.0,evening_peak,MSLDC Daily System Operations Report,WEBSITE01Aug2026.pdf,20,5,1,8,1,0,3,3352.0,2974.0,3444.0,3476.0,3241.0,3041.5,3089.1428571428573,3444.0,3556.0,2396.0,2396.0,506.44098984035134,26.5,85.0,0.0,2.5,27.424999999999997,-375.0
2026-08-02 03:00:00+05:30,2550.0,night_minimum,MSLDC Daily System Operations Report,WEBSITE02Aug2026.pdf,3,6,2,8,1,0,0,3270.0,3352.0,2396.0,2406.0,2455.0,2998.0,3212.5714285714284,3352.0,3556.0,2396.0,2396.0,407.8965788623605,26.3,85.0,0.0,2.3000000000000007,27.205000000000002,0.0
2026-08-02 10:00:00+05:30,2778.0,morning_peak,MSLDC Daily System Operations Report,WEBSITE02Aug2026.pdf,10,6,2,8,1,0,1,2550.0,3270.0,2974.0,3556.0,2599.0,3036.5,3068.8571428571427,3352.0,3496.0,2550.0,2396.0,442.4851894212296,31.8,69.0,649.5,7.800000000000001,39.478378808657745,649.5
2026-08-02 16:00:00+05:30,2748.0,day_peak,MSLDC Daily System Operations Report,WEBSITE02Aug2026.pdf,16,6,2,8,1,0,2,2778.0,2550.0,3352.0,3496.0,2771.0,2987.5,2966.285714285714,3352.0,3444.0,2550.0,2396.0,408.9130772693669,29.8,74.5,375.0,5.800000000000001,35.63256343183562,-274.5
2026-08-02 20:00:00+05:30,2966.0,evening_peak,MSLDC Daily System Operations Report,WEBSITE02Aug2026.pdf,20,6,2,8,1,0,3,2748.0,2778.0,3270.0,3444.0,2919.0,2836.5,2866.8571428571427,3270.0,3352.0,2550.0,2396.0,354.37617892639815,26.5,85.0,0.0,2.5,27.424999999999997,-375.0
2026-08-03 03:00:00+05:30,2317.0,night_minimum,MSLDC Daily System Operations Report,WEBSITE03Aug2026.pdf,3,0,3,8,0,0,0,2966.0,2748.0,2550.0,2396.0,2294.0,2760.5,2948.285714285714,2966.0,3352.0,2550.0,2550.0,287.28714687904727,26.3,85.0,0.0,2.3000000000000007,27.205000000000002,0.0
2026-08-03 10:00:00+05:30,3532.0,morning_peak,MSLDC Daily System Operations Report,WEBSITE03Aug2026.pdf,10,0,3,8,0,0,1,2317.0,2966.0,2778.0,2974.0,3712.0,2702.25,2854.4285714285716,2966.0,3352.0,2317.0,2317.0,372.2453747833779,31.8,69.0,649.5,7.800000000000001,39.478378808657745,649.5
2026-08-03 16:00:00+05:30,3523.0,day_peak,MSLDC Daily System Operations Report,WEBSITE03Aug2026.pdf,16,0,3,8,0,0,2,3532.0,2317.0,2748.0,3352.0,3518.0,2890.75,2880.1428571428573,3532.0,3532.0,2317.0,2317.0,415.9921588088826,29.8,74.5,375.0,5.800000000000001,35.63256343183562,-274.5
2026-08-03 20:00:00+05:30,3442.0,evening_peak,MSLDC Daily System Operations Report,WEBSITE03Aug2026.pdf,20,0,3,8,0,0,3,3523.0,3532.0,2966.0,3270.0,3439.0,3084.5,2916.285714285714,3532.0,3532.0,2317.0,2317.0,463.7580958091943,26.5,85.0,0.0,2.5,27.424999999999997,-375.0
2026-08-04 03:00:00+05:30,2397.0,night_minimum,MSLDC Daily System Operations Report,WEBSITE04Aug2026.pdf,3,1,4,8,0,0,0,3442.0,3523.0,2317.0,2550.0,2453.0,3203.5,3043.714285714286,3532.0,3532.0,2317.0,2317.0,468.8591523708407,26.3,85.0,0.0,2.3000000000000007,27.205000000000002,0.0
2026-08-04 10:00:00+05:30,3259.0,morning_peak,MSLDC Daily System Operations Report,WEBSITE04Aug2026.pdf,10,1,4,8,0,0,1,2397.0,3442.0,3532.0,2778.0,3934.0,3223.5,2989.285714285714,3532.0,3532.0,2397.0,2317.0,523.747940102778,31.8,69.0,649.5,7.800000000000001,39.478378808657745,649.5
2026-08-04 16:00:00+05:30,3478.0,day_peak,MSLDC Daily System Operations Report,WEBSITE04Aug2026.pdf,16,1,4,8,0,0,2,3259.0,2397.0,3523.0,2748.0,3589.0,3155.25,3062.285714285714,3523.0,3532.0,2397.0,2317.0,520.1114349463038,29.8,74.5,375.0,5.800000000000001,35.63256343183562,-274.5
2026-08-04 20:00:00+05:30,3390.0,evening_peak,MSLDC Daily System Operations Report,WEBSITE04Aug2026.pdf,20,1,4,8,0,0,3,3478.0,3259.0,3442.0,2966.0,3477.0,3144.0,3135.4285714285716,3478.0,3532.0,2397.0,2317.0,539.9372979469786,26.5,85.0,0.0,2.5,27.424999999999997,-375.0
2026-08-05 03:00:00+05:30,2312.0,night_minimum,MSLDC Daily System Operations Report,WEBSITE05Aug2026.pdf,3,2,5,8,0,0,0,3390.0,3478.0,2397.0,2317.0,2540.0,3131.0,3288.714285714286,3478.0,3532.0,2397.0,2397.0,404.0832068958532,26.3,85.0,0.0,2.3000000000000007,27.205000000000002,0.0
2026-08-05 10:00:00+05:30,3140.0,morning_peak,MSLDC Daily System Operations Report,WEBSITE05Aug2026.pdf,10,2,5,8,0,0,1,2312.0,3390.0,3259.0,3532.0,3610.0,3109.75,3114.4285714285716,3478.0,3523.0,2312.0,2312.0,526.2847319157355,31.8,69.0,649.5,7.800000000000001,39.478378808657745,649.5
2026-08-05 16:00:00+05:30,3505.0,day_peak,MSLDC Daily System Operations Report,WEBSITE05Aug2026.pdf,16,2,5,8,0,0,2,3140.0,2312.0,3478.0,3523.0,3851.0,3080.0,3059.714285714286,3478.0,3478.0,2312.0,2312.0,495.75219424147434,29.8,74.5,375.0,5.800000000000001,35.63256343183562,-274.5
2026-08-05 20:00:00+05:30,3472.0,evening_peak,MSLDC Daily System Operations Report,WEBSITE05Aug2026.pdf,20,2,5,8,0,0,3,3505.0,3140.0,3390.0,3442.0,3532.0,3086.75,3068.714285714286,3505.0,3505.0,2312.0,2312.0,504.3463473598639,26.5,85.0,0.0,2.5,27.424999999999997,-375.0
2026-08-06 03:00:00+05:30,2452.0,night_minimum,MSLDC Daily System Operations Report,WEBSITE06Aug2026.pdf,3,3,6,8,0,0,0,3472.0,3505.0,2312.0,2397.0,2442.0,3107.25,3222.285714285714,3505.0,3505.0,2312.0,2312.0,422.7965287959487,26.3,85.0,0.0,2.3000000000000007,27.205000000000002,0.0
2026-08-06 10:00:00+05:30,3200.0,morning_peak,MSLDC Daily System Operations Report,WEBSITE06Aug2026.pdf,10,3,6,8,0,0,1,2452.0,3472.0,3140.0,3259.0,3550.0,3142.25,3107.0,3505.0,3505.0,2452.0,2312.0,511.7776209774435,31.8,69.0,649.5,7.800000000000001,39.478378808657745,649.5
2026-08-06 16:00:00+05:30,3558.0,day_peak,MSLDC Daily System Operations Report,WEBSITE06Aug2026.pdf,16,3,6,8,0,0,2,3200.0,2452.0,3505.0,3478.0,3645.0,3157.25,3067.285714285714,3505.0,3505.0,2452.0,2312.0,488.4440310092548,29.8,74.5,375.0,5.800000000000001,35.63256343183562,-274.5
2026-08-06 20:00:00+05:30,3453.0,evening_peak,MSLDC Daily System Operations Report,WEBSITE06Aug2026.pdf,20,3,6,8,0,0,3,3558.0,3200.0,3472.0,3390.0,3476.0,3170.5,3091.285714285714,3558.0,3558.0,2452.0,2312.0,510.56984970576735,26.5,85.0,0.0,2.5,27.424999999999997,-375.0
2026-08-07 03:00:00+05:30,2371.0,night_minimum,MSLDC Daily System Operations Report,WEBSITE07Aug2026.pdf,3,4,7,8,0,0,0,3453.0,3558.0,2452.0,2312.0,2406.0,3165.75,3254.285714285714,3558.0,3558.0,2452.0,2452.0,387.65479243166453,26.3,85.0,0.0,2.3000000000000007,27.205000000000002,0.0
2026-08-07 10:00:00+05:30,3193.0,morning_peak,MSLDC Daily System Operations Report,WEBSITE07Aug2026.pdf,10,4,7,8,0,0,1,2371.0,3453.0,3200.0,3140.0,3556.0,3145.5,3144.4285714285716,3558.0,3558.0,2371.0,2371.0,513.8595324090209,31.8,69.0,649.5,7.800000000000001,39.478378808657745,649.5
2026-08-07 16:00:00+05:30,3571.0,day_peak,MSLDC Daily System Operations Report,WEBSITE07Aug2026.pdf,16,4,7,8,0,0,2,3193.0,2371.0,3558.0,3505.0,3496.0,3143.75,3099.8571428571427,3558.0,3558.0,2371.0,2371.0,490.36565559842643,29.8,74.5,375.0,5.800000000000001,35.63256343183562,-274.5
2026-08-07 20:00:00+05:30,3441.0,evening_peak,MSLDC Daily System Operations Report,WEBSITE07Aug2026.pdf,20,4,7,8,0,0,3,3571.0,3193.0,3453.0,3472.0,3444.0,3147.0,3114.0,3571.0,3571.0,2371.0,2371.0,504.1223396491488,26.5,85.0,0.0,2.5,27.424999999999997,-375.0
2026-08-08 03:00:00+05:30,2510.0,night_minimum,MSLDC Daily System Operations Report,WEBSITE08Aug2026.pdf,3,5,8,8,1,0,0,3441.0,3571.0,2371.0,2452.0,2396.0,3144.0,3255.285714285714,3571.0,3571.0,2371.0,2371.0,419.0842056539116,26.3,85.0,0.0,2.3000000000000007,27.205000000000002,0.0
2026-08-08 10:00:00+05:30,3130.0,morning_peak,MSLDC Daily System Operations Report,WEBSITE08Aug2026.pdf,10,5,8,8,1,0,1,2510.0,3441.0,3193.0,3200.0,2974.0,3178.75,3156.714285714286,3571.0,3571.0,2510.0,2371.0,506.3216086921138,31.8,69.0,649.5,7.800000000000001,39.478378808657745,649.5
2026-08-08 16:00:00+05:30,3374.0,day_peak,MSLDC Daily System Operations Report,WEBSITE08Aug2026.pdf,16,5,8,8,1,0,2,3130.0,2510.0,3571.0,3558.0,3352.0,3163.0,3095.5714285714284,3571.0,3571.0,2510.0,2371.0,474.6373553015159,29.8,74.5,375.0,5.800000000000001,35.63256343183562,-274.5
2026-08-08 20:00:00+05:30,3334.0,evening_peak,MSLDC Daily System Operations Report,WEBSITE08Aug2026.pdf,20,5,8,8,1,0,3,3374.0,3130.0,3441.0,3453.0,3270.0,3113.75,3084.285714285714,3441.0,3571.0,2510.0,2371.0,465.5748111334022,26.5,85.0,0.0,2.5,27.424999999999997,-375.0
2026-08-09 03:00:00+05:30,2575.0,night_minimum,MSLDC Daily System Operations Report,WEBSITE09Aug2026.pdf,3,6,9,8,1,0,0,3334.0,3374.0,2510.0,2371.0,2550.0,3087.0,3221.8571428571427,3374.0,3571.0,2510.0,2510.0,346.8089909308507,26.3,85.0,0.0,2.3000000000000007,27.205000000000002,0.0
2026-08-09 10:00:00+05:30,2664.0,morning_peak,MSLDC Daily System Operations Report,WEBSITE09Aug2026.pdf,10,6,9,8,1,0,1,2575.0,3334.0,3130.0,3193.0,2778.0,3103.25,3133.5714285714284,3374.0,3571.0,2575.0,2510.0,425.1842177781502,31.8,69.0,649.5,7.800000000000001,39.478378808657745,649.5
2026-08-09 16:00:00+05:30,2957.0,day_peak,MSLDC Daily System Operations Report,WEBSITE09Aug2026.pdf,16,6,9,8,1,0,2,2664.0,2575.0,3374.0,3571.0,2748.0,2986.75,3004.0,3374.0,3441.0,2575.0,2510.0,407.4968302535183,29.8,74.5,375.0,5.800000000000001,35.63256343183562,-274.5
2026-08-09 20:00:00+05:30,3024.0,evening_peak,MSLDC Daily System Operations Report,WEBSITE09Aug2026.pdf,20,6,9,8,1,0,3,2957.0,2664.0,3334.0,3441.0,2966.0,2882.5,2934.8571428571427,3334.0,3374.0,2575.0,2510.0,359.18817193379385,26.5,85.0,0.0,2.5,27.424999999999997,-375.0
2026-08-10 03:00:00+05:30,2390.0,night_minimum,MSLDC Daily System Operations Report,WEBSITE10Aug2026.pdf,3,0,10,8,0,0,0,3024.0,2957.0,2575.0,2510.0,2317.0,2805.0,3008.285714285714,3024.0,3374.0,2575.0,2575.0,306.5391297946089,26.3,85.0,0.0,2.3000000000000007,27.205000000000002,0.0
2026-08-10 10:00:00+05:30,3808.0,morning_peak,MSLDC Daily System Operations Report,WEBSITE10Aug2026.pdf,10,0,10,8,0,0,1,2390.0,3024.0,2664.0,3130.0,3532.0,2758.75,2902.5714285714284,3024.0,3374.0,2390.0,2390.0,377.0569617192474,31.8,69.0,649.5,7.800000000000001,39.478378808657745,649.5
2026-08-10 16:00:00+05:30,3693.0,day_peak,MSLDC Daily System Operations Report,WEBSITE10Aug2026.pdf,16,0,10,8,0,0,2,3808.0,2390.0,2957.0,3374.0,3523.0,3044.75,2964.5714285714284,3808.0,3808.0,2390.0,2390.0,487.11390082910816,29.8,74.5,375.0,5.800000000000001,35.63256343183562,-274.5
2026-08-10 20:00:00+05:30,3492.0,evening_peak,MSLDC Daily System Operations Report,WEBSITE10Aug2026.pdf,20,0,10,8,0,0,3,3693.0,3808.0,3024.0,3334.0,3442.0,3228.75,3015.8571428571427,3808.0,3808.0,2390.0,2390.0,547.6310888945291,26.5,85.0,0.0,2.5,27.424999999999997,-375.0
2026-08-11 03:00:00+05:30,2400.0,night_minimum,MSLDC Daily System Operations Report,WEBSITE11Aug2026.pdf,3,1,11,8,0,0,0,3492.0,3693.0,2390.0,2575.0,2397.0,3345.75,3146.8571428571427,3808.0,3808.0,2390.0,2390.0,534.108112829673,26.3,85.0,0.0,2.3000000000000007,27.205000000000002,0.0
2026-08-11 10:00:00+05:30,3615.0,morning_peak,MSLDC Daily System Operations Report,WEBSITE11Aug2026.pdf,10,1,11,8,0,0,1,2400.0,3492.0,3808.0,2664.0,3259.0,3348.25,3109.1428571428573,3808.0,3808.0,2400.0,2390.0,581.1363662605143,31.8,69.0,649.5,7.800000000000001,39.478378808657745,649.5
2026-08-11 16:00:00+05:30,3387.0,day_peak,MSLDC Daily System Operations Report,WEBSITE11Aug2026.pdf,16,1,11,8,0,0,2,3615.0,2400.0,3693.0,2957.0,3478.0,3300.0,3203.1428571428573,3693.0,3808.0,2400.0,2390.0,605.1458305156492,29.8,74.5,375.0,5.800000000000001,35.63256343183562,-274.5
2026-08-11 20:00:00+05:30,3251.0,evening_peak,MSLDC Daily System Operations Report,WEBSITE11Aug2026.pdf,20,1,11,8,0,0,3,3387.0,3615.0,3492.0,3024.0,3390.0,3223.5,3255.0,3615.0,3808.0,2400.0,2390.0,602.7846492183857,26.5,85.0,0.0,2.5,27.424999999999997,-375.0
2026-08-12 03:00:00+05:30,2450.0,night_minimum,MSLDC Daily System Operations Report,WEBSITE12Aug2026.pdf,3,2,12,8,0,0,0,3251.0,3387.0,2400.0,2390.0,2312.0,3163.25,3378.0,3615.0,3808.0,2400.0,2400.0,470.10353469563773,26.3,85.0,0.0,2.3000000000000007,27.205000000000002,0.0
2026-08-12 10:00:00+05:30,3403.0,morning_peak,MSLDC Daily System Operations Report,WEBSITE12Aug2026.pdf,10,2,12,8,0,0,1,2450.0,3251.0,3615.0,3808.0,3140.0,3175.75,3184.0,3615.0,3693.0,2450.0,2400.0,538.3332301341478,31.8,69.0,649.5,7.800000000000001,39.478378808657745,649.5
2026-08-12 16:00:00+05:30,3615.0,day_peak,MSLDC Daily System Operations Report,WEBSITE12Aug2026.pdf,16,2,12,8,0,0,2,3403.0,2450.0,3387.0,3693.0,3505.0,3122.75,3142.5714285714284,3403.0,3615.0,2450.0,2400.0,502.6068235187596,29.8,74.5,375.0,5.800000000000001,35.63256343183562,-274.5
2026-08-12 20:00:00+05:30,3479.0,evening_peak,MSLDC Daily System Operations Report,WEBSITE12Aug2026.pdf,20,2,12,8,0,0,3,3615.0,3403.0,3251.0,3492.0,3472.0,3179.75,3160.1428571428573,3615.0,3615.0,2450.0,2400.0,518.7499168100895,26.5,85.0,0.0,2.5,27.424999999999997,-375.0
2026-08-13 03:00:00+05:30,2345.0,night_minimum,MSLDC Daily System Operations Report,WEBSITE13Aug2026.pdf,3,3,13,8,0,0,0,3479.0,3615.0,2450.0,2400.0,2452.0,3236.75,3314.285714285714,3615.0,3615.0,2450.0,2450.0,402.52151672745475,26.3,85.0,0.0,2.3000000000000007,27.205000000000002,0.0
2026-08-13 10:00:00+05:30,3208.0,morning_peak,MSLDC Daily System Operations Report,WEBSITE13Aug2026.pdf,10,3,13,8,0,0,1,2345.0,3479.0,3403.0,3615.0,3200.0,3210.5,3132.8571428571427,3615.0,3615.0,2345.0,2345.0,514.91307634442,31.8,69.0,649.5,7.800000000000001,39.478378808657745,649.5
2026-08-13 16:00:00+05:30,3499.0,day_peak,MSLDC Daily System Operations Report,WEBSITE13Aug2026.pdf,16,3,13,8,0,0,2,3208.0,2345.0,3615.0,3387.0,3558.0,3161.75,3107.285714285714,3615.0,3615.0,2345.0,2345.0,504.52839837010464,29.8,74.5,375.0,5.800000000000001,35.63256343183562,-274.5
2026-08-13 20:00:00+05:30,3355.0,evening_peak,MSLDC Daily System Operations Report,WEBSITE13Aug2026.pdf,20,3,13,8,0,0,3,3499.0,3208.0,3479.0,3251.0,3453.0,3132.75,3142.714285714286,3499.0,3615.0,2345.0,2345.0,524.6099231129448,26.5,85.0,0.0,2.5,27.424999999999997,-375.0
2026-08-14 03:00:00+05:30,2389.0,night_minimum,MSLDC Daily System Operations Report,WEBSITE14Aug2026.pdf,3,4,14,8,0,0,0,3355.0,3499.0,2345.0,2450.0,2371.0,3101.75,3272.0,3499.0,3615.0,2345.0,2345.0,428.0774851978696,26.3,85.0,0.0,2.3000000000000007,27.205000000000002,0.0
2026-08-14 10:00:00+05:30,3459.0,morning_peak,MSLDC Daily System Operations Report,WEBSITE14Aug2026.pdf,10,4,14,8,0,0,1,2389.0,3355.0,3208.0,3403.0,3193.0,3112.75,3127.1428571428573,3499.0,3615.0,2389.0,2345.0,534.6564094729198,31.8,69.0,649.5,7.800000000000001,39.478378808657745,649.5
2026-08-14 16:00:00+05:30,3667.0,day_peak,MSLDC Daily System Operations Report,WEBSITE14Aug2026.pdf,16,4,14,8,0,0,2,3459.0,2389.0,3499.0,3615.0,3571.0,3175.5,3104.8571428571427,3499.0,3499.0,2389.0,2345.0,513.7757061116013,29.8,74.5,375.0,5.800000000000001,35.63256343183562,-274.5
2026-08-14 20:00:00+05:30,3446.0,evening_peak,MSLDC Daily System Operations Report,WEBSITE14Aug2026.pdf,20,4,14,8,0,0,3,3667.0,3459.0,3355.0,3479.0,3441.0,3217.5,3131.714285714286,3667.0,3667.0,2389.0,2345.0,540.7965465513839,26.5,85.0,0.0,2.5,27.424999999999997,-375.0
2026-08-15 03:00:00+05:30,2718.0,night_minimum,MSLDC Daily System Operations Report,WEBSITE15Aug2026.pdf,3,5,15,8,1,1,0,3446.0,3667.0,2389.0,2345.0,2510.0,3240.25,3289.0,3667.0,3667.0,2389.0,2389.0,420.6047233844769,26.3,85.0,0.0,2.3000000000000007,27.205000000000002,0.0
2026-08-15 10:00:00+05:30,2747.0,morning_peak,MSLDC Daily System Operations Report,WEBSITE15Aug2026.pdf,10,5,15,8,1,1,1,2718.0,3446.0,3459.0,3208.0,3130.0,3322.5,3219.0,3667.0,3667.0,2718.0,2389.0,473.7492304303323,31.8,69.0,649.5,7.800000000000001,39.478378808657745,649.5
2026-08-15 16:00:00+05:30,2724.0,day_peak,MSLDC Daily System Operations Report,WEBSITE15Aug2026.pdf,16,5,15,8,1,1,2,2747.0,2718.0,3667.0,3499.0,3374.0,3144.5,3111.5714285714284,3667.0,3667.0,2718.0,2389.0,484.8071290533491,29.8,74.5,375.0,5.800000000000001,35.63256343183562,-274.5
2026-08-15 20:00:00+05:30,2892.0,evening_peak,MSLDC Daily System Operations Report,WEBSITE15Aug2026.pdf,20,5,15,8,1,1,3,2724.0,2747.0,3446.0,3355.0,3334.0,2908.75,3021.4285714285716,3446.0,3667.0,2718.0,2389.0,490.6291393516596,26.5,85.0,0.0,2.5,27.424999999999997,-375.0
2026-08-16 03:00:00+05:30,2302.0,night_minimum,MSLDC Daily System Operations Report,WEBSITE16Aug2026.pdf,3,6,16,8,1,0,0,2892.0,2724.0,2718.0,2389.0,2575.0,2770.25,3093.285714285714,2892.0,3667.0,2718.0,2718.0,413.30848619633133,26.3,85.0,0.0,2.3000000000000007,27.205000000000002,0.0
2026-08-16 10:00:00+05:30,2885.0,morning_peak,MSLDC Daily System Operations Report,WEBSITE16Aug2026.pdf,10,6,16,8,1,0,1,2302.0,2892.0,2747.0,3459.0,2664.0,2666.25,2928.0,2892.0,3667.0,2302.0,2302.0,470.1230335419272,31.8,69.0,649.5,7.800000000000001,39.478378808657745,649.5
2026-08-16 16:00:00+05:30,2826.0,day_peak,MSLDC Daily System Operations Report,WEBSITE16Aug2026.pdf,16,6,16,8,1,0,2,2885.0,2302.0,2724.0,3667.0,2957.0,2700.75,2816.285714285714,2892.0,3446.0,2302.0,2302.0,340.2110689389283,29.8,74.5,375.0,5.800000000000001,35.63256343183562,-274.5
2026-08-16 20:00:00+05:30,2862.0,evening_peak,MSLDC Daily System Operations Report,WEBSITE16Aug2026.pdf,20,6,16,8,1,0,3,2826.0,2885.0,2892.0,3446.0,3024.0,2726.25,2727.714285714286,2892.0,2892.0,2302.0,2302.0,201.28811381177246,26.5,85.0,0.0,2.5,27.424999999999997,-375.0
2026-08-17 03:00:00+05:30,2363.0,night_minimum,MSLDC Daily System Operations Report,WEBSITE17Aug2026.pdf,3,0,17,8,0,0,0,2862.0,2826.0,2302.0,2718.0,2390.0,2718.75,2748.285714285714,2885.0,2892.0,2302.0,2302.0,207.39552734304849,26.3,85.0,0.0,2.3000000000000007,27.205000000000002,0.0
2026-08-17 10:00:00+05:30,3511.0,morning_peak,MSLDC Daily System Operations Report,WEBSITE17Aug2026.pdf,10,0,17,8,0,0,1,2363.0,2862.0,2885.0,2747.0,3808.0,2734.0,2693.4285714285716,2885.0,2892.0,2363.0,2302.0,253.46127721530792,31.8,69.0,649.5,7.800000000000001,39.478378808657745,649.5
2026-08-17 16:00:00+05:30,3498.0,day_peak,MSLDC Daily System Operations Report,WEBSITE17Aug2026.pdf,16,0,17,8,0,0,2,3511.0,2363.0,2826.0,2724.0,3693.0,2890.5,2805.8571428571427,3511.0,3511.0,2363.0,2302.0,400.92868383766984,29.8,74.5,375.0,5.800000000000001,35.63256343183562,-274.5
2026-08-17 20:00:00+05:30,3360.0,evening_peak,MSLDC Daily System Operations Report,WEBSITE17Aug2026.pdf,20,0,17,8,0,0,3,3498.0,3511.0,2862.0,2892.0,3492.0,3058.5,2892.4285714285716,3511.0,3511.0,2363.0,2302.0,480.2155270094351,26.5,85.0,0.0,2.5,27.424999999999997,-375.0
2026-08-18 03:00:00+05:30,2416.0,night_minimum,MSLDC Daily System Operations Report,WEBSITE18Aug2026.pdf,3,1,18,8,0,0,0,3360.0,3498.0,2363.0,2302.0,2400.0,3183.0,3043.5714285714284,3511.0,3511.0,2363.0,2363.0,426.95622614925867,26.3,85.0,0.0,2.3000000000000007,27.205000000000002,0.0
2026-08-18 10:00:00+05:30,3732.0,morning_peak,MSLDC Daily System Operations Report,WEBSITE18Aug2026.pdf,10,1,18,8,0,0,1,2416.0,3360.0,3511.0,2885.0,3615.0,3196.25,2976.5714285714284,3511.0,3511.0,2416.0,2363.0,488.3693469574196,31.8,69.0,649.5,7.800000000000001,39.478378808657745,649.5
2026-08-18 16:00:00+05:30,3570.0,day_peak,MSLDC Daily System Operations Report,WEBSITE18Aug2026.pdf,16,1,18,8,0,0,2,3732.0,2416.0,3498.0,2826.0,3387.0,3251.5,3106.0,3732.0,3732.0,2416.0,2363.0,557.0406927086491,29.8,74.5,375.0,5.800000000000001,35.63256343183562,-274.5
2026-08-18 20:00:00+05:30,3485.0,evening_peak,MSLDC Daily System Operations Report,WEBSITE18Aug2026.pdf,20,1,18,8,0,0,3,3570.0,3732.0,3360.0,2862.0,3251.0,3269.5,3207.1428571428573,3732.0,3732.0,2416.0,2363.0,569.4905409139602,26.5,85.0,0.0,2.5,27.424999999999997,-375.0
2026-08-19 03:00:00+05:30,2463.0,night_minimum,MSLDC Daily System Operations Report,WEBSITE19Aug2026.pdf,3,2,19,8,0,0,0,3485.0,3570.0,2416.0,2363.0,2450.0,3300.75,3367.4285714285716,3732.0,3732.0,2416.0,2416.0,434.1089944329864,26.3,85.0,0.0,2.3000000000000007,27.205000000000002,0.0
2026-08-19 10:00:00+05:30,3743.0,morning_peak,MSLDC Daily System Operations Report,WEBSITE19Aug2026.pdf,10,2,19,8,0,0,1,2463.0,3485.0,3732.0,3511.0,3403.0,3312.5,3217.714285714286,3732.0,3732.0,2463.0,2416.0,543.320259848557,31.8,69.0,649.5,7.800000000000001,39.478378808657745,649.5
2026-08-19 16:00:00+05:30,3730.0,day_peak,MSLDC Daily System Operations Report,WEBSITE19Aug2026.pdf,16,2,19,8,0,0,2,3743.0,2463.0,3570.0,3498.0,3615.0,3315.25,3252.714285714286,3743.0,3743.0,2463.0,2416.0,571.5434408353434,29.8,74.5,375.0,5.800000000000001,35.63256343183562,-274.5
2026-08-19 20:00:00+05:30,3461.0,evening_peak,MSLDC Daily System Operations Report,WEBSITE19Aug2026.pdf,20,2,19,8,0,0,3,3730.0,3743.0,3485.0,3360.0,3479.0,3355.25,3305.5714285714284,3743.0,3743.0,2463.0,2416.0,599.5422857321672,26.5,85.0,0.0,2.5,27.424999999999997,-375.0
2026-08-20 03:00:00+05:30,2404.0,night_minimum,MSLDC Daily System Operations Report,WEBSITE20Aug2026.pdf,3,3,20,8,0,0,0,3461.0,3730.0,2463.0,2416.0,2345.0,3349.25,3454.8571428571427,3743.0,3743.0,2463.0,2463.0,453.4171841220213,26.3,85.0,0.0,2.3000000000000007,27.205000000000002,0.0
2026-08-20 10:00:00+05:30,3540.0,morning_peak,MSLDC Daily System Operations Report,WEBSITE20Aug2026.pdf,10,3,20,8,0,0,1,2404.0,3461.0,3743.0,3732.0,3208.0,3334.5,3265.1428571428573,3743.0,3743.0,2404.0,2404.0,578.6586295250495,31.8,69.0,649.5,7.800000000000001,39.478378808657745,649.5
2026-08-20 16:00:00+05:30,3635.0,day_peak,MSLDC Daily System Operations Report,WEBSITE20Aug2026.pdf,16,3,20,8,0,0,2,3540.0,2404.0,3730.0,3570.0,3499.0,3283.75,3260.8571428571427,3730.0,3743.0,2404.0,2404.0,576.1300283128875,29.8,74.5,375.0,5.800000000000001,35.63256343183562,-274.5
2026-08-20 20:00:00+05:30,3509.0,evening_peak,MSLDC Daily System Operations Report,WEBSITE20Aug2026.pdf,20,3,20,8,0,0,3,3635.0,3540.0,3461.0,3485.0,3355.0,3260.0,3282.285714285714,3635.0,3743.0,2404.0,2404.0,588.512734012814,26.5,85.0,0.0,2.5,27.424999999999997,-375.0
2026-08-21 03:00:00+05:30,2431.0,night_minimum,MSLDC Daily System Operations Report,WEBSITE21Aug2026.pdf,3,4,21,8,0,0,0,3509.0,3635.0,2404.0,2463.0,2389.0,3272.0,3431.714285714286,3635.0,3743.0,2404.0,2404.0,465.8238988737102,26.3,85.0,0.0,2.3000000000000007,27.205000000000002,0.0
2026-08-21 10:00:00+05:30,3590.0,morning_peak,MSLDC Daily System Operations Report,WEBSITE21Aug2026.pdf,10,4,21,8,0,0,1,2431.0,3509.0,3540.0,3743.0,3459.0,3278.75,3244.285714285714,3635.0,3730.0,2431.0,2404.0,571.6314996818933,31.8,69.0,649.5,7.800000000000001,39.478378808657745,649.5
2026-08-21 16:00:00+05:30,3716.0,day_peak,MSLDC Daily System Operations Report,WEBSITE21Aug2026.pdf,16,4,21,8,0,0,2,3590.0,2431.0,3635.0,3730.0,3667.0,3291.25,3224.285714285714,3635.0,3635.0,2431.0,2404.0,553.9818632066429,29.8,74.5,375.0,5.800000000000001,35.63256343183562,-274.5
2026-08-21 20:00:00+05:30,3524.0,evening_peak,MSLDC Daily System Operations Report,WEBSITE21Aug2026.pdf,20,4,21,8,0,0,3,3716.0,3590.0,3509.0,3461.0,3446.0,3311.5,3260.714285714286,3716.0,3716.0,2431.0,2404.0,579.9188777423129,26.5,85.0,0.0,2.5,27.424999999999997,-375.0
2026-08-22 03:00:00+05:30,2545.0,night_minimum,MSLDC Daily System Operations Report,WEBSITE22Aug2026.pdf,3,5,22,8,1,0,0,3524.0,3716.0,2431.0,2404.0,2718.0,3315.25,3420.714285714286,3716.0,3716.0,2431.0,2431.0,442.34138938370285,26.3,85.0,0.0,2.3000000000000007,27.205000000000002,0.0
2026-08-22 10:00:00+05:30,3490.0,morning_peak,MSLDC Daily System Operations Report,WEBSITE22Aug2026.pdf,10,5,22,8,1,0,1,2545.0,3524.0,3590.0,3540.0,2747.0,3343.75,3278.5714285714284,3716.0,3716.0,2545.0,2431.0,545.4676455858327,31.8,69.0,649.5,7.800000000000001,39.478378808657745,649.5
2026-08-22 16:00:00+05:30,3485.0,day_peak,MSLDC Daily System Operations Report,WEBSITE22Aug2026.pdf,16,5,22,8,1,0,2,3490.0,2545.0,3716.0,3635.0,2724.0,3318.75,3257.8571428571427,3716.0,3716.0,2545.0,2431.0,532.2698026914,29.8,74.5,375.0,5.800000000000001,35.63256343183562,-274.5
2026-08-22 20:00:00+05:30,3363.0,evening_peak,MSLDC Daily System Operations Report,WEBSITE22Aug2026.pdf,20,5,22,8,1,0,3,3485.0,3490.0,3524.0,3509.0,2892.0,3261.0,3254.4285714285716,3524.0,3716.0,2545.0,2431.0,530.4566765667906,26.5,85.0,0.0,2.5,27.424999999999997,-375.0
2026-08-23 03:00:00+05:30,2564.0,night_minimum,MSLDC Daily System Operations Report,WEBSITE23Aug2026.pdf,3,6,23,8,1,0,0,3363.0,3485.0,2545.0,2431.0,2302.0,3220.75,3387.5714285714284,3490.0,3716.0,2545.0,2545.0,386.8612400430142,26.3,85.0,0.0,2.3000000000000007,27.205000000000002,0.0
2026-08-23 10:00:00+05:30,3006.0,morning_peak,MSLDC Daily System Operations Report,WEBSITE23Aug2026.pdf,10,6,23,8,1,0,1,2564.0,3363.0,3490.0,3590.0,2885.0,3225.5,3241.0,3490.0,3716.0,2564.0,2545.0,480.43036262639805,31.8,69.0,649.5,7.800000000000001,39.478378808657745,649.5
2026-08-23 16:00:00+05:30,3060.0,day_peak,MSLDC Daily System Operations Report,WEBSITE23Aug2026.pdf,16,6,23,8,1,0,2,3006.0,2564.0,3485.0,3716.0,2826.0,3104.5,3139.5714285714284,3485.0,3524.0,2564.0,2545.0,436.3610344439005,29.8,74.5,375.0,5.800000000000001,35.63256343183562,-274.5
2026-08-23 20:00:00+05:30,2992.0,evening_peak,MSLDC Daily System Operations Report,WEBSITE23Aug2026.pdf,20,6,23,8,1,0,3,3060.0,3006.0,3363.0,3524.0,2862.0,2998.25,3073.285714285714,3363.0,3490.0,2564.0,2545.0,402.1308718504914,26.5,85.0,0.0,2.5,27.424999999999997,-375.0
2026-08-24 03:00:00+05:30,2471.0,night_minimum,MSLDC Daily System Operations Report,WEBSITE24Aug2026.pdf,3,0,24,8,0,0,0,2992.0,3060.0,2564.0,2545.0,2363.0,2905.5,3137.1428571428573,3060.0,3490.0,2564.0,2564.0,333.97426476273296,26.3,85.0,0.0,2.3000000000000007,27.205000000000002,0.0
2026-08-24 10:00:00+05:30,3533.0,morning_peak,MSLDC Daily System Operations Report,WEBSITE24Aug2026.pdf,10,0,24,8,0,0,1,2471.0,2992.0,3006.0,3490.0,3511.0,2882.25,2991.5714285714284,3060.0,3485.0,2471.0,2471.0,374.19551803072636,31.8,69.0,649.5,7.800000000000001,39.478378808657745,649.5
2026-08-24 16:00:00+05:30,3729.0,day_peak,MSLDC Daily System Operations Report,WEBSITE24Aug2026.pdf,16,0,24,8,0,0,2,3533.0,2471.0,3060.0,3485.0,3498.0,3014.0,2998.4285714285716,3533.0,3533.0,2471.0,2471.0,385.0276427924152,29.8,74.5,375.0,5.800000000000001,35.63256343183562,-274.5
2026-08-24 20:00:00+05:30,3494.0,evening_peak,MSLDC Daily System Operations Report,WEBSITE24Aug2026.pdf,20,0,24,8,0,0,3,3729.0,3533.0,2992.0,3363.0,3360.0,3181.25,3050.714285714286,3729.0,3729.0,2471.0,2471.0,460.2831426726049,26.5,85.0,0.0,2.5,27.424999999999997,-375.0
2026-08-25 03:00:00+05:30,2527.0,night_minimum,MSLDC Daily System Operations Report,WEBSITE25Aug2026.pdf,3,1,25,8,0,0,0,3494.0,3729.0,2471.0,2564.0,2416.0,3306.75,3183.5714285714284,3729.0,3729.0,2471.0,2471.0,429.5768682253322,26.3,85.0,0.0,2.3000000000000007,27.205000000000002,0.0
2026-08-25 10:00:00+05:30,3567.0,morning_peak,MSLDC Daily System Operations Report,WEBSITE25Aug2026.pdf,10,1,25,8,0,0,1,2527.0,3494.0,3533.0,3006.0,3732.0,3320.75,3115.1428571428573,3729.0,3729.0,2527.0,2471.0,495.64685969327786,31.8,69.0,649.5,7.800000000000001,39.478378808657745,649.5
2026-08-25 16:00:00+05:30,3774.0,day_peak,MSLDC Daily System Operations Report,WEBSITE25Aug2026.pdf,16,1,25,8,0,0,2,3567.0,2527.0,3729.0,3060.0,3570.0,3329.25,3187.5714285714284,3729.0,3729.0,2527.0,2471.0,522.5590420047778,29.8,74.5,375.0,5.800000000000001,35.63256343183562,-274.5
2026-08-25 20:00:00+05:30,3585.0,evening_peak,MSLDC Daily System Operations Report,WEBSITE25Aug2026.pdf,20,1,25,8,0,0,3,3774.0,3567.0,3494.0,2992.0,3485.0,3340.5,3299.285714285714,3774.0,3774.0,2527.0,2471.0,556.2819172223476,26.5,85.0,0.0,2.5,27.424999999999997,-375.0
2026-08-26 03:00:00+05:30,2466.0,night_minimum,MSLDC Daily System Operations Report,WEBSITE26Aug2026.pdf,3,2,26,8,0,1,0,3585.0,3774.0,2527.0,2471.0,2463.0,3363.25,3458.4285714285716,3774.0,3774.0,2527.0,2527.0,423.27841788546135,26.3,85.0,0.0,2.3000000000000007,27.205000000000002,0.0
2026-08-26 10:00:00+05:30,3442.0,morning_peak,MSLDC Daily System Operations Report,WEBSITE26Aug2026.pdf,10,2,26,8,0,1,1,2466.0,3585.0,3567.0,3533.0,3743.0,3348.0,3306.0,3774.0,3774.0,2466.0,2466.0,561.5009646771167,31.8,69.0,649.5,7.800000000000001,39.478378808657745,649.5
2026-08-26 16:00:00+05:30,3659.0,day_peak,MSLDC Daily System Operations Report,WEBSITE26Aug2026.pdf,16,2,26,8,0,1,2,3442.0,2466.0,3774.0,3729.0,3730.0,3316.75,3265.0,3774.0,3774.0,2466.0,2466.0,535.3347862163755,29.8,74.5,375.0,5.800000000000001,35.63256343183562,-274.5
2026-08-26 20:00:00+05:30,3441.0,evening_peak,MSLDC Daily System Operations Report,WEBSITE26Aug2026.pdf,20,2,26,8,0,1,3,3659.0,3442.0,3585.0,3494.0,3461.0,3288.0,3288.5714285714284,3659.0,3774.0,2466.0,2466.0,550.5157754757063,26.5,85.0,0.0,2.5,27.424999999999997,-375.0
2026-08-27 03:00:00+05:30,2611.0,night_minimum,MSLDC Daily System Operations Report,WEBSITE27Aug2026.pdf,3,3,27,8,0,0,0,3441.0,3659.0,2466.0,2527.0,2404.0,3252.0,3419.1428571428573,3659.0,3774.0,2466.0,2466.0,436.33069590675854,26.3,85.0,0.0,2.3000000000000007,27.205000000000002,0.0
2026-08-27 10:00:00+05:30,3814.0,morning_peak,MSLDC Daily System Operations Report,WEBSITE27Aug2026.pdf,10,3,27,8,0,0,1,2611.0,3441.0,3442.0,3567.0,3540.0,3288.25,3282.5714285714284,3659.0,3774.0,2611.0,2466.0,523.2873197848561,31.8,69.0,649.5,7.800000000000001,39.478378808657745,649.5
2026-08-27 16:00:00+05:30,3781.0,day_peak,MSLDC Daily System Operations Report,WEBSITE27Aug2026.pdf,16,3,27,8,0,0,2,3814.0,2611.0,3659.0,3774.0,3635.0,3381.25,3288.285714285714,3814.0,3814.0,2611.0,2466.0,529.7268838076568,29.8,74.5,375.0,5.800000000000001,35.63256343183562,-274.5
2026-08-27 20:00:00+05:30,3523.0,evening_peak,MSLDC Daily System Operations Report,WEBSITE27Aug2026.pdf,20,3,27,8,0,0,3,3781.0,3814.0,3441.0,3585.0,3509.0,3411.75,3316.285714285714,3814.0,3814.0,2611.0,2466.0,552.7059840113044,26.5,85.0,0.0,2.5,27.424999999999997,-375.0
2026-08-28 03:00:00+05:30,2597.0,night_minimum,MSLDC Daily System Operations Report,WEBSITE28Aug2026.pdf,3,4,28,8,0,0,0,3523.0,3781.0,2611.0,2466.0,2431.0,3432.25,3467.285714285714,3814.0,3814.0,2611.0,2611.0,406.82539837368194,26.3,85.0,0.0,2.3000000000000007,27.205000000000002,0.0
2026-08-28 10:00:00+05:30,3636.0,morning_peak,MSLDC Daily System Operations Report,WEBSITE28Aug2026.pdf,10,4,28,8,0,0,1,2597.0,3523.0,3814.0,3442.0,3590.0,3428.75,3346.5714285714284,3814.0,3814.0,2597.0,2597.0,524.0540230239804,31.8,69.0,649.5,7.800000000000001,39.478378808657745,649.5
2026-08-28 16:00:00+05:30,3690.0,day_peak,MSLDC Daily System Operations Report,WEBSITE28Aug2026.pdf,16,4,28,8,0,0,2,3636.0,2597.0,3781.0,3659.0,3716.0,3384.25,3343.285714285714,3781.0,3814.0,2597.0,2597.0,521.8360899381187,29.8,74.5,375.0,5.800000000000001,35.63256343183562,-274.5
2026-08-28 20:00:00+05:30,3275.0,evening_peak,MSLDC Daily System Operations Report,WEBSITE28Aug2026.pdf,20,4,28,8,0,0,3,3690.0,3636.0,3523.0,3441.0,3524.0,3361.5,3378.8571428571427,3690.0,3814.0,2597.0,2597.0,537.8480047285441,26.5,85.0,0.0,2.5,27.424999999999997,-375.0
2026-08-29 03:00:00+05:30,2596.0,night_minimum,MSLDC Daily System Operations Report,WEBSITE29Aug2026.pdf,3,5,29,8,1,0,0,3275.0,3690.0,2597.0,2611.0,2545.0,3299.5,3473.714285714286,3690.0,3814.0,2597.0,2597.0,426.98154303814874,26.3,85.0,0.0,2.3000000000000007,27.205000000000002,0.0
2026-08-29 10:00:00+05:30,3564.0,morning_peak,MSLDC Daily System Operations Report,WEBSITE29Aug2026.pdf,10,5,29,8,1,0,1,2596.0,3275.0,3636.0,3814.0,3490.0,3299.25,3299.714285714286,3690.0,3781.0,2596.0,2596.0,506.052604079099,31.8,69.0,649.5,7.800000000000001,39.478378808657745,649.5
2026-08-29 16:00:00+05:30,3642.0,day_peak,MSLDC Daily System Operations Report,WEBSITE29Aug2026.pdf,16,5,29,8,1,0,2,3564.0,2596.0,3690.0,3781.0,3485.0,3281.25,3268.714285714286,3690.0,3690.0,2596.0,2596.0,477.4968461626078,29.8,74.5,375.0,5.800000000000001,35.63256343183562,-274.5
2026-08-29 20:00:00+05:30,3352.0,evening_peak,MSLDC Daily System Operations Report,WEBSITE29Aug2026.pdf,20,5,29,8,1,0,3,3642.0,3564.0,3275.0,3523.0,3363.0,3269.25,3285.714285714286,3642.0,3690.0,2596.0,2596.0,490.01316794745827,26.5,85.0,0.0,2.5,27.424999999999997,-375.0
2026-08-30 03:00:00+05:30,2574.0,night_minimum,MSLDC Daily System Operations Report,WEBSITE30Aug2026.pdf,3,6,30,8,1,0,0,3352.0,3642.0,2596.0,2597.0,2564.0,3288.5,3393.5714285714284,3642.0,3690.0,2596.0,2596.0,384.9917129596673,26.3,85.0,0.0,2.3000000000000007,27.205000000000002,0.0
2026-08-30 10:00:00+05:30,2841.0,morning_peak,MSLDC Daily System Operations Report,WEBSITE30Aug2026.pdf,10,6,30,8,1,0,1,2574.0,3352.0,3564.0,3636.0,3006.0,3283.0,3241.8571428571427,3642.0,3690.0,2574.0,2574.0,472.7784641779647,31.8,69.0,649.5,7.800000000000001,39.478378808657745,649.5
2026-08-30 16:00:00+05:30,3013.0,day_peak,MSLDC Daily System Operations Report,WEBSITE30Aug2026.pdf,16,6,30,8,1,0,2,2841.0,2574.0,3642.0,3690.0,3060.0,3102.25,3120.5714285714284,3642.0,3642.0,2574.0,2574.0,446.8407088075314,29.8,74.5,375.0,5.800000000000001,35.63256343183562,-274.5
2026-08-30 20:00:00+05:30,3034.0,evening_peak,MSLDC Daily System Operations Report,WEBSITE30Aug2026.pdf,20,6,30,8,1,0,3,3013.0,2841.0,3352.0,3275.0,2992.0,2945.0,3083.1428571428573,3352.0,3642.0,2574.0,2574.0,442.70322209934346,26.5,85.0,0.0,2.5,27.424999999999997,-375.0
