timestamp,demand_mw,observation_type,source,report_file
2026-07-01T03:00:00+05:30,2307.0,night_minimum,MSLDC Daily System Operations Report,WEBSITE01Jul2026.pdf
2026-07-01T10:00:00+05:30,3344.0,morning_peak,MSLDC Daily System Operations Report,WEBSITE01Jul2026.pdf
2026-07-01T16:00:00+05:30,3317.0,day_peak,MSLDC Daily System Operations Report,WEBSITE01Jul2026.pdf
2026-07-01T20:00:00+05:30,3194.0,evening_peak,MSLDC Daily System Operations Report,WEBSITE01Jul2026.pdf
2026-07-02T03:00:00+05:30,2146.0,night_minimum,MSLDC Daily System Operations Report,WEBSITE02Jul2026.pdf
2026-07-02T10:00:00+05:30,2910.0,morning_peak,MSLDC Daily System Operations Report,WEBSITE02Jul2026.pdf
2026-07-02T16:00:00+05:30,3301.0,day_peak,MSLDC Daily System Operations Report,WEBSITE02Jul2026.pdf
2026-07-02T20:00:00+05:30,3255.0,evening_peak,MSLDC Daily System Operations Report,WEBSITE02Jul2026.pdf
2026-07-03T03:00:00+05:30,2208.0,night_minimum,MSLDC Daily System Operations Report,WEBSITE03Jul2026.pdf
2026-07-03T10:00:00+05:30,3622.0,morning_peak,MSLDC Daily System Operations Report,WEBSITE03Jul2026.pdf
2026-07-03T16:00:00+05:30,3241.0,day_peak,MSLDC Daily System Operations Report,WEBSITE03Jul2026.pdf
2026-07-03T20:00:00+05:30,3189.0,evening_peak,MSLDC Daily System Operations Report,WEBSITE03Jul2026.pdf
2026-07-04T03:00:00+05:30,2096.0,night_minimum,MSLDC Daily System Operations Report,WEBSITE04Jul2026.pdf
2026-07-04T10:00:00+05:30,3026.0,morning_peak,MSLDC Daily System Operations Report,WEBSITE04Jul2026.pdf
2026-07-04T16:00:00+05:30,3432.0,day_peak,MSLDC Daily System Operations Report,WEBSITE04Jul2026.pdf
2026-07-04T20:00:00+05:30,2935.0,evening_peak,MSLDC Daily System Operations Report,WEBSITE04Jul2026.pdf
2026-07-05T03:00:00+05:30,2164.0,night_minimum,MSLDC Daily System Operations Report,WEBSITE05Jul2026.pdf
2026-07-05T10:00:00+05:30,2442.0,morning_peak,MSLDC Daily System Operations Report,WEBSITE05Jul2026.pdf
2026-07-05T16:00:00+05:30,2548.0,day_peak,MSLDC Daily System Operations Report,WEBSITE05Jul2026.pdf
2026-07-05T20:00:00+05:30,2717.0,evening_peak,MSLDC Daily System Operations Report,WEBSITE05Jul2026.pdf
2026-07-06T03:00:00+05:30,2013.0,night_minimum,MSLDC Daily System Operations Report,WEBSITE06Jul2026.pdf
2026-07-06T10:00:00+05:30,3120.0,morning_peak,MSLDC Daily System Operations Report,WEBSITE06Jul2026.pdf
2026-07-06T16:00:00+05:30,2941.0,day_peak,MSLDC Daily System Operations Report,WEBSITE06Jul2026.pdf
2026-07-06T20:00:00+05:30,2938.0,evening_peak,MSLDC Daily System Operations Report,WEBSITE06Jul2026.pdf
2026-07-07T03:00:00+05:30,2188.0,night_minimum,MSLDC Daily System Operations Report,WEBSITE07Jul2026.pdf
2026-07-07T10:00:00+05:30,3346.0,morning_peak,MSLDC Daily System Operations Report,WEBSITE07Jul2026.pdf
2026-07-07T16:00:00+05:30,3241.0,day_peak,MSLDC Daily System Operations Report,WEBSITE07Jul2026.pdf
2026-07-07T20:00:00+05:30,3148.0,evening_peak,MSLDC Daily System Operations Report,WEBSITE07Jul2026.pdf
2026-07-08T03:00:00+05:30,2173.0,night_minimum,MSLDC Daily System Operations Report,WEBSITE08Jul2026.pdf
2026-07-08T10:00:00+05:30,3053.0,morning_peak,MSLDC Daily System Operations Report,WEBSITE08Jul2026.pdf
2026-07-08T16:00:00+05:30,3386.0,day_peak,MSLDC Daily System Operations Report,WEBSITE08Jul2026.pdf
2026-07-08T20:00:00+05:30,3315.0,evening_peak,MSLDC Daily System Operations Report,WEBSITE08Jul2026.pdf
2026-07-09T03:00:00+05:30,2331.0,night_minimum,MSLDC Daily System Operations Report,WEBSITE09Jul2026.pdf
2026-07-09T10:00:00+05:30,3166.0,morning_peak,MSLDC Daily System Operations Report,WEBSITE09Jul2026.pdf
2026-07-09T16:00:00+05:30,3552.0,day_peak,MSLDC Daily System Operations Report,WEBSITE09Jul2026.pdf
2026-07-09T20:00:00+05:30,3332.0,evening_peak,MSLDC Daily System Operations Report,WEBSITE09Jul2026.pdf
2026-07-10T03:00:00+05:30,2476.0,night_minimum,MSLDC Daily System Operations Report,WEBSITE10Jul2026.pdf
2026-07-10T10:00:00+05:30,3209.0,morning_peak,MSLDC Daily System Operations Report,WEBSITE10Jul2026.pdf
2026-07-10T16:00:00+05:30,3623.0,day_peak,MSLDC Daily System Operations Report,WEBSITE10Jul2026.pdf
2026-07-10T20:00:00+05:30,3504.0,evening_peak,MSLDC Daily System Operations Report,WEBSITE10Jul2026.pdf
2026-07-11T03:00:00+05:30,2611.0,night_minimum,MSLDC Daily System Operations Report,WEBSITE11Jul2026.pdf
2026-07-11T10:00:00+05:30,3180.0,morning_peak,MSLDC Daily System Operations Report,WEBSITE11Jul2026.pdf
2026-07-11T16:00:00+05:30,3381.0,day_peak,MSLDC Daily System Operations Report,WEBSITE11Jul2026.pdf
2026-07-11T20:00:00+05:30,3291.0,evening_peak,MSLDC Daily System Operations Report,WEBSITE11Jul2026.pdf
2026-07-12T03:00:00+05:30,2662.0,night_minimum,MSLDC Daily System Operations Report,WEBSITE12Jul2026.pdf
2026-07-12T10:00:00+05:30,2814.0,morning_peak,MSLDC Daily System Operations Report,WEBSITE12Jul2026.pdf
2026-07-12T16:00:00+05:30,2880.0,day_peak,MSLDC Daily System Operations Report,WEBSITE12Jul2026.pdf
2026-07-12T20:00:00+05:30,3071.0,evening_peak,MSLDC Daily System Operations Report,WEBSITE12Jul2026.pdf
2026-07-13T03:00:00+05:30,2616.0,night_minimum,MSLDC Daily System Operations Report,WEBSITE13Jul2026.pdf
2026-07-13T10:00:00+05:30,3601.0,morning_peak,MSLDC Daily System Operations Report,WEBSITE13Jul2026.pdf
2026-07-13T16:00:00+05:30,3721.0,day_peak,MSLDC Daily System Operations Report,WEBSITE13Jul2026.pdf
2026-07-13T20:00:00+05:30,3571.0,evening_peak,MSLDC Daily System Operations Report,WEBSITE13Jul2026.pdf
2026-07-14T03:00:00+05:30,2695.0,night_minimum,MSLDC Daily System Operations Report,WEBSITE14Jul2026.pdf
2026-07-14T10:00:00+05:30,3598.0,morning_peak,MSLDC Daily System Operations Report,WEBSITE14Jul2026.pdf
2026-07-14T16:00:00+05:30,3722.0,day_peak,MSLDC Daily System Operations Report,WEBSITE14Jul2026.pdf
2026-07-14T20:00:00+05:30,3533.0,evening_peak,MSLDC Daily System Operations Report,WEBSITE14Jul2026.pdf
2026-07-15T03:00:00+05:30,2616.0,night_minimum,MSLDC Daily System Operations Report,WEBSITE15Jul2026.pdf
2026-07-15T10:00:00+05:30,4033.0,morning_peak,MSLDC Daily System Operations Report,WEBSITE15Jul2026.pdf
2026-07-15T16:00:00+05:30,3928.0,day_peak,MSLDC Daily System Operations Report,WEBSITE15Jul2026.pdf
2026-07-15T20:00:00+05:30,3567.0,evening_peak,MSLDC Daily System Operations Report,WEBSITE15Jul2026.pdf
2026-07-16T03:00:00+05:30,2759.0,night_minimum,MSLDC Daily System Operations Report,WEBSITE16Jul2026.pdf
2026-07-16T10:00:00+05:30,3547.0,morning_peak,MSLDC Daily System Operations Report,WEBSITE16Jul2026.pdf
2026-07-16T16:00:00+05:30,3783.0,day_peak,MSLDC Daily System Operations Report,WEBSITE16Jul2026.pdf
2026-07-16T20:00:00+05:30,3571.0,evening_peak,MSLDC Daily System Operations Report,WEBSITE16Jul2026.pdf
2026-07-17T03:00:00+05:30,2735.0,night_minimum,MSLDC Daily System Operations Report,WEBSITE17Jul2026.pdf
2026-07-17T10:00:00+05:30,3649.0,morning_peak,MSLDC Daily System Operations Report,WEBSITE17Jul2026.pdf
2026-07-17T16:00:00+05:30,3763.0,day_peak,MSLDC Daily System Operations Report,WEBSITE17Jul2026.pdf
2026-07-17T20:00:00+05:30,3645.0,evening_peak,MSLDC Daily System Operations Report,WEBSITE17Jul2026.pdf
2026-07-18T03:00:00+05:30,2587.0,night_minimum,MSLDC Daily System Operations Report,WEBSITE18Jul2026.pdf
2026-07-18T10:00:00+05:30,3734.0,morning_peak,MSLDC Daily System Operations Report,WEBSITE18Jul2026.pdf
2026-07-18T16:00:00+05:30,3870.0,day_peak,MSLDC Daily System Operations Report,WEBSITE18Jul2026.pdf
2026-07-18T20:00:00+05:30,3281.0,evening_peak,MSLDC Daily System Operations Report,WEBSITE18Jul2026.pdf
2026-07-19T03:00:00+05:30,2458.0,night_minimum,MSLDC Daily System Operations Report,WEBSITE19Jul2026.pdf
2026-07-19T10:00:00+05:30,2723.0,morning_peak,MSLDC Daily System Operations Report,WEBSITE19Jul2026.pdf
2026-07-19T16:00:00+05:30,3164.0,day_peak,MSLDC Daily System Operations Report,WEBSITE19Jul2026.pdf
2026-07-19T20:00:00+05:30,2828.0,evening_peak,MSLDC Daily System Operations Report,WEBSITE19Jul2026.pdf
2026-07-20T03:00:00+05:30,2525.0,night_minimum,MSLDC Daily System Operations Report,WEBSITE20Jul2026.pdf
2026-07-20T10:00:00+05:30,3618.0,morning_peak,MSLDC Daily System Operations Report,WEBSITE20Jul2026.pdf
2026-07-20T16:00:00+05:30,3792.0,day_peak,MSLDC Daily System Operations Report,WEBSITE20Jul2026.pdf
2026-07-20T20:00:00+05:30,3255.0,evening_peak,MSLDC Daily System Operations Report,WEBSITE20Jul2026.pdf
2026-07-21T03:00:00+05:30,2367.0,night_minimum,MSLDC Daily System Operations Report,WEBSITE21Jul2026.pdf
2026-07-21T10:00:00+05:30,3489.0,morning_peak,MSLDC Daily System Operations Report,WEBSITE21Jul2026.pdf
2026-07-21T16:00:00+05:30,3896.0,day_peak,MSLDC Daily System Operations Report,WEBSITE21Jul2026.pdf
2026-07-21T20:00:00+05:30,3396.0,evening_peak,MSLDC Daily System Operations Report,WEBSITE21Jul2026.pdf
2026-07-22T03:00:00+05:30,2315.0,night_minimum,MSLDC Daily System Operations Report,WEBSITE22Jul2026.pdf
2026-07-22T10:00:00+05:30,3412.0,morning_peak,MSLDC Daily System Operations Report,WEBSITE22Jul2026.pdf
2026-07-22T16:00:00+05:30,3394.0,day_peak,MSLDC Daily System Operations Report,WEBSITE22Jul2026.pdf
2026-07-22T20:00:00+05:30,3327.0,evening_peak,MSLDC Daily System Operations Report,WEBSITE22Jul2026.pdf
2026-07-23T03:00:00+05:30,2230.0,night_minimum,MSLDC Daily System Operations Report,WEBSITE23Jul2026.pdf
2026-07-23T10:00:00+05:30,3118.0,morning_peak,MSLDC Daily System Operations Report,WEBSITE23Jul2026.pdf
2026-07-23T16:00:00+05:30,3402.0,day_peak,MSLDC Daily System Operations Report,WEBSITE23Jul2026.pdf
2026-07-23T20:00:00+05:30,3336.0,evening_peak,MSLDC Daily System Operations Report,WEBSITE23Jul2026.pdf
2026-07-24T03:00:00+05:30,2205.0,night_minimum,MSLDC Daily System Operations Report,WEBSITE24Jul2026.pdf
2026-07-24T10:00:00+05:30,3511.0,morning_peak,MSLDC Daily System Operations Report,WEBSITE24Jul2026.pdf
2026-07-24T16:00:00+05:30,3449.0,day_peak,MSLDC Daily System Operations Report,WEBSITE24Jul2026.pdf
2026-07-24T20:00:00+05:30,3370.0,evening_peak,MSLDC Daily System Operations Report,WEBSITE24Jul2026.pdf
2026-07-25T03:00:00+05:30,2302.0,night_minimum,MSLDC Daily System Operations Report,WEBSITE25Jul2026.pdf
2026-07-25T10:00:00+05:30,3264.0,morning_peak,MSLDC Daily System Operations Report,WEBSITE25Jul2026.pdf
2026-07-25T16:00:00+05:30,3270.0,day_peak,MSLDC Daily System Operations Report,WEBSITE25Jul2026.pdf
2026-07-25T20:00:00+05:30,3241.0,evening_peak,MSLDC Daily System Operations Report,WEBSITE25Jul2026.pdf
2026-07-26T03:00:00+05:30,2455.0,night_minimum,MSLDC Daily System Operations Report,WEBSITE26Jul2026.pdf
2026-07-26T10:00:00+05:30,2599.0,morning_peak,MSLDC Daily System Operations Report,WEBSITE26Jul2026.pdf
2026-07-26T16:00:00+05:30,2771.0,day_peak,MSLDC Daily System Operations Report,WEBSITE26Jul2026.pdf
2026-07-26T20:00:00+05:30,2919.0,evening_peak,MSLDC Daily System Operations Report,WEBSITE26Jul2026.pdf
2026-07-27T03:00:00+05:30,2294.0,night_minimum,MSLDC Daily System Operations Report,WEBSITE27Jul2026.pdf
2026-07-27T10:00:00+05:30,3712.0,morning_peak,MSLDC Daily System Operations Report,WEBSITE27Jul2026.pdf
2026-07-27T16:00:00+05:30,3518.0,day_peak,MSLDC Daily System Operations Report,WEBSITE27Jul2026.pdf
2026-07-27T20:00:00+05:30,3439.0,evening_peak,MSLDC Daily System Operations Report,WEBSITE27Jul2026.pdf
2026-07-28T03:00:00+05:30,2453.0,night_minimum,MSLDC Daily System Operations Report,WEBSITE28Jul2026.pdf
2026-07-28T10:00:00+05:30,3934.0,morning_peak,MSLDC Daily System Operations Report,WEBSITE28Jul2026.pdf
2026-07-28T16:00:00+05:30,3589.0,day_peak,MSLDC Daily System Operations Report,WEBSITE28Jul2026.pdf
2026-07-28T20:00:00+05:30,3477.0,evening_peak,MSLDC Daily System Operations Report,WEBSITE28Jul2026.pdf
2026-07-29T03:00:00+05:30,2540.0,night_minimum,MSLDC Daily System Operations Report,WEBSITE29Jul2026.pdf
2026-07-29T10:00:00+05:30,3610.0,morning_peak,MSLDC Daily System Operations Report,WEBSITE29Jul2026.pdf
2026-07-29T16:00:00+05:30,3851.0,day_peak,MSLDC Daily System Operations Report,WEBSITE29Jul2026.pdf
2026-07-29T20:00:00+05:30,3532.0,evening_peak,MSLDC Daily System Operations Report,WEBSITE29Jul2026.pdf
2026-07-30T03:00:00+05:30,2442.0,night_minimum,MSLDC Daily System Operations Report,WEBSITE30Jul2026.pdf
2026-07-30T10:00:00+05:30,3550.0,morning_peak,MSLDC Daily System Operations Report,WEBSITE30Jul2026.pdf
2026-07-30T16:00:00+05:30,3645.0,day_peak,MSLDC Daily System Operations Report,WEBSITE30Jul2026.pdf
2026-07-30T20:00:00+05:30,3476.0,evening_peak,MSLDC Daily System Operations Report,WEBSITE30Jul2026.pdf
2026-07-31T03:00:00+05:30,2406.0,night_minimum,MSLDC Daily System Operations Report,WEBSITE31Jul2026.pdf
2026-07-31T10:00:00+05:30,3556.0,morning_peak,MSLDC Daily System Operations Report,WEBSITE31Jul2026.pdf
2026-07-31T16:00:00+05:30,3496.0,day_peak,MSLDC Daily System Operations Report,WEBSITE31Jul2026.pdf
2026-07-31T20:00:00+05:30,3444.0,evening_peak,MSLDC Daily System Operations Report,WEBSITE31Jul2026.pdf
2026-08-01T03:00:00+05:30,2396.0,night_minimum,MSLDC Daily System Operations Report,WEBSITE01Aug2026.pdf
2026-08-01T10:00:00+05:30,2974.0,morning_peak,MSLDC Daily System Operations Report,WEBSITE01Aug2026.pdf
2026-08-01T16:00:00+05:30,3352.0,day_peak,MSLDC Daily System Operations Report,WEBSITE01Aug2026.pdf
2026-08-01T20:00:00+05:30,3270.0,evening_peak,MSLDC Daily System Operations Report,WEBSITE01Aug2026.pdf
2026-08-02T03:00:00+05:30,2550.0,night_minimum,MSLDC Daily System Operations Report,WEBSITE02Aug2026.pdf
2026-08-02T10:00:00+05:30,2778.0,morning_peak,MSLDC Daily System Operations Report,WEBSITE02Aug2026.pdf
2026-08-02T16:00:00+05:30,2748.0,day_peak,MSLDC Daily System Operations Report,WEBSITE02Aug2026.pdf
2026-08-02T20:00:00+05:30,2966.0,evening_peak,MSLDC Daily System Operations Report,WEBSITE02Aug2026.pdf
2026-08-03T03:00:00+05:30,2317.0,night_minimum,MSLDC Daily System Operations Report,WEBSITE03Aug2026.pdf
2026-08-03T10:00:00+05:30,3532.0,morning_peak,MSLDC Daily System Operations Report,WEBSITE03Aug2026.pdf
2026-08-03T16:00:00+05:30,3523.0,day_peak,MSLDC Daily System Operations Report,WEBSITE03Aug2026.pdf
2026-08-03T20:00:00+05:30,3442.0,evening_peak,MSLDC Daily System Operations Report,WEBSITE03Aug2026.pdf
2026-08-04T03:00:00+05:30,2397.0,night_minimum,MSLDC Daily System Operations Report,WEBSITE04Aug2026.pdf
2026-08-04T10:00:00+05:30,3259.0,morning_peak,MSLDC Daily System Operations Report,WEBSITE04Aug2026.pdf
2026-08-04T16:00:00+05:30,3478.0,day_peak,MSLDC Daily System Operations Report,WEBSITE04Aug2026.pdf
2026-08-04T20:00:00+05:30,3390.0,evening_peak,MSLDC Daily System Operations Report,WEBSITE04Aug2026.pdf
2026-08-05T03:00:00+05:30,2312.0,night_minimum,MSLDC Daily System Operations Report,WEBSITE05Aug2026.pdf
2026-08-05T10:00:00+05:30,3140.0,morning_peak,MSLDC Daily System Operations Report,WEBSITE05Aug2026.pdf
2026-08-05T16:00:00+05:30,3505.0,day_peak,MSLDC Daily System Operations Report,WEBSITE05Aug2026.pdf
2026-08-05T20:00:00+05:30,3472.0,evening_peak,MSLDC Daily System Operations Report,WEBSITE05Aug2026.pdf
2026-08-06T03:00:00+05:30,2452.0,night_minimum,MSLDC Daily System Operations Report,WEBSITE06Aug2026.pdf
2026-08-06T10:00:00+05:30,3200.0,morning_peak,MSLDC Daily System Operations Report,WEBSITE06Aug2026.pdf
2026-08-06T16:00:00+05:30,3558.0,day_peak,MSLDC Daily System Operations Report,WEBSITE06Aug2026.pdf
2026-08-06T20:00:00+05:30,3453.0,evening_peak,MSLDC Daily System Operations Report,WEBSITE06Aug2026.pdf
2026-08-07T03:00:00+05:30,2371.0,night_minimum,MSLDC Daily System Operations Report,WEBSITE07Aug2026.pdf
2026-08-07T10:00:00+05:30,3193.0,morning_peak,MSLDC Daily System Operations Report,WEBSITE07Aug2026.pdf
2026-08-07T16:00:00+05:30,3571.0,day_peak,MSLDC Daily System Operations Report,WEBSITE07Aug2026.pdf
2026-08-07T20:00:00+05:30,3441.0,evening_peak,MSLDC Daily System Operations Report,WEBSITE07Aug2026.pdf
2026-08-08T03:00:00+05:30,2510.0,night_minimum,MSLDC Daily System Operations Report,WEBSITE08Aug2026.pdf
2026-08-08T10:00:00+05:30,3130.0,morning_peak,MSLDC Daily System Operations Report,WEBSITE08Aug2026.pdf
2026-08-08T16:00:00+05:30,3374.0,day_peak,MSLDC Daily System Operations Report,WEBSITE08Aug2026.pdf
2026-08-08T20:00:00+05:30,3334.0,evening_peak,MSLDC Daily System Operations Report,WEBSITE08Aug2026.pdf
2026-08-09T03:00:00+05:30,2575.0,night_minimum,MSLDC Daily System Operations Report,WEBSITE09Aug2026.pdf
2026-08-09T10:00:00+05:30,2664.0,morning_peak,MSLDC Daily System Operations Report,WEBSITE09Aug2026.pdf
2026-08-09T16:00:00+05:30,2957.0,day_peak,MSLDC Daily System Operations Report,WEBSITE09Aug2026.pdf
2026-08-09T20:00:00+05:30,3024.0,evening_peak,MSLDC Daily System Operations Report,WEBSITE09Aug2026.pdf
2026-08-10T03:00:00+05:30,2390.0,night_minimum,MSLDC Daily System Operations Report,WEBSITE10Aug2026.pdf
2026-08-10T10:00:00+05:30,3808.0,morning_peak,MSLDC Daily System Operations Report,WEBSITE10Aug2026.pdf
2026-08-10T16:00:00+05:30,3693.0,day_peak,MSLDC Daily System Operations Report,WEBSITE10Aug2026.pdf
2026-08-10T20:00:00+05:30,3492.0,evening_peak,MSLDC Daily System Operations Report,WEBSITE10Aug2026.pdf
2026-08-11T03:00:00+05:30,2400.0,night_minimum,MSLDC Daily System Operations Report,WEBSITE11Aug2026.pdf
2026-08-11T10:00:00+05:30,3615.0,morning_peak,MSLDC Daily System Operations Report,WEBSITE11Aug2026.pdf
2026-08-11T16:00:00+05:30,3387.0,day_peak,MSLDC Daily System Operations Report,WEBSITE11Aug2026.pdf
2026-08-11T20:00:00+05:30,3251.0,evening_peak,MSLDC Daily System Operations Report,WEBSITE11Aug2026.pdf
2026-08-12T03:00:00+05:30,2450.0,night_minimum,MSLDC Daily System Operations Report,WEBSITE12Aug2026.pdf
2026-08-12T10:00:00+05:30,3403.0,morning_peak,MSLDC Daily System Operations Report,WEBSITE12Aug2026.pdf
2026-08-12T16:00:00+05:30,3615.0,day_peak,MSLDC Daily System Operations Report,WEBSITE12Aug2026.pdf
2026-08-12T20:00:00+05:30,3479.0,evening_peak,MSLDC Daily System Operations Report,WEBSITE12Aug2026.pdf
2026-08-13T03:00:00+05:30,2345.0,night_minimum,MSLDC Daily System Operations Report,WEBSITE13Aug2026.pdf
2026-08-13T10:00:00+05:30,3208.0,morning_peak,MSLDC Daily System Operations Report,WEBSITE13Aug2026.pdf
2026-08-13T16:00:00+05:30,3499.0,day_peak,MSLDC Daily System Operations Report,WEBSITE13Aug2026.pdf
2026-08-13T20:00:00+05:30,3355.0,evening_peak,MSLDC Daily System Operations Report,WEBSITE13Aug2026.pdf
2026-08-14T03:00:00+05:30,2389.0,night_minimum,MSLDC Daily System Operations Report,WEBSITE14Aug2026.pdf
2026-08-14T10:00:00+05:30,3459.0,morning_peak,MSLDC Daily System Operations Report,WEBSITE14Aug2026.pdf
2026-08-14T16:00:00+05:30,3667.0,day_peak,MSLDC Daily System Operations Report,WEBSITE14Aug2026.pdf
2026-08-14T20:00:00+05:30,3446.0,evening_peak,MSLDC Daily System Operations Report,WEBSITE14Aug2026.pdf
2026-08-15T03:00:00+05:30,2718.0,night_minimum,MSLDC Daily System Operations Report,WEBSITE15Aug2026.pdf
2026-08-15T10:00:00+05:30,2747.0,morning_peak,MSLDC Daily System Operations Report,WEBSITE15Aug2026.pdf
2026-08-15T16:00:00+05:30,2724.0,day_peak,MSLDC Daily System Operations Report,WEBSITE15Aug2026.pdf
2026-08-15T20:00:00+05:30,2892.0,evening_peak,MSLDC Daily System Operations Report,WEBSITE15Aug2026.pdf
2026-08-16T03:00:00+05:30,2302.0,night_minimum,MSLDC Daily System Operations Report,WEBSITE16Aug2026.pdf
2026-08-16T10:00:00+05:30,2885.0,morning_peak,MSLDC Daily System Operations Report,WEBSITE16Aug2026.pdf
2026-08-16T16:00:00+05:30,2826.0,day_peak,MSLDC Daily System Operations Report,WEBSITE16Aug2026.pdf
2026-08-16T20:00:00+05:30,2862.0,evening_peak,MSLDC Daily System Operations Report,WEBSITE16Aug2026.pdf
2026-08-17T03:00:00+05:30,2363.0,night_minimum,MSLDC Daily System Operations Report,WEBSITE17Aug2026.pdf
2026-08-17T10:00:00+05:30,3511.0,morning_peak,MSLDC Daily System Operations Report,WEBSITE17Aug2026.pdf
2026-08-17T16:00:00+05:30,3498.0,day_peak,MSLDC Daily System Operations Report,WEBSITE17Aug2026.pdf
2026-08-17T20:00:00+05:30,3360.0,evening_peak,MSLDC Daily System Operations Report,WEBSITE17Aug2026.pdf
2026-08-18T03:00:00+05:30,2416.0,night_minimum,MSLDC Daily System Operations Report,WEBSITE18Aug2026.pdf
2026-08-18T10:00:00+05:30,3732.0,morning_peak,MSLDC Daily System Operations Report,WEBSITE18Aug2026.pdf
2026-08-18T16:00:00+05:30,3570.0,day_peak,MSLDC Daily System Operations Report,WEBSITE18Aug2026.pdf
2026-08-18T20:00:00+05:30,3485.0,evening_peak,MSLDC Daily System Operations Report,WEBSITE18Aug2026.pdf
2026-08-19T03:00:00+05:30,2463.0,night_minimum,MSLDC Daily System Operations Report,WEBSITE19Aug2026.pdf
2026-08-19T10:00:00+05:30,3743.0,morning_peak,MSLDC Daily System Operations Report,WEBSITE19Aug2026.pdf
2026-08-19T16:00:00+05:30,3730.0,day_peak,MSLDC Daily System Operations Report,WEBSITE19Aug2026.pdf
2026-08-19T20:00:00+05:30,3461.0,evening_peak,MSLDC Daily System Operations Report,WEBSITE19Aug2026.pdf
2026-08-20T03:00:00+05:30,2404.0,night_minimum,MSLDC Daily System Operations Report,WEBSITE20Aug2026.pdf
2026-08-20T10:00:00+05:30,3540.0,morning_peak,MSLDC Daily System Operations Report,WEBSITE20Aug2026.pdf
2026-08-20T16:00:00+05:30,3635.0,day_peak,MSLDC Daily System Operations Report,WEBSITE20Aug2026.pdf
2026-08-20T20:00:00+05:30,3509.0,evening_peak,MSLDC Daily System Operations Report,WEBSITE20Aug2026.pdf
2026-08-21T03:00:00+05:30,2431.0,night_minimum,MSLDC Daily System Operations Report,WEBSITE21Aug2026.pdf
2026-08-21T10:00:00+05:30,3590.0,morning_peak,MSLDC Daily System Operations Report,WEBSITE21Aug2026.pdf
2026-08-21T16:00:00+05:30,3716.0,day_peak,MSLDC Daily System Operations Report,WEBSITE21Aug2026.pdf
2026-08-21T20:00:00+05:30,3524.0,evening_peak,MSLDC Daily System Operations Report,WEBSITE21Aug2026.pdf
2026-08-22T03:00:00+05:30,2545.0,night_minimum,MSLDC Daily System Operations Report,WEBSITE22Aug2026.pdf
2026-08-22T10:00:00+05:30,3490.0,morning_peak,MSLDC Daily System Operations Report,WEBSITE22Aug2026.pdf
2026-08-22T16:00:00+05:30,3485.0,day_peak,MSLDC Daily System Operations Report,WEBSITE22Aug2026.pdf
2026-08-22T20:00:00+05:30,3363.0,evening_peak,MSLDC Daily System Operations Report,WEBSITE22Aug2026.pdf
2026-08-23T03:00:00+05:30,2564.0,night_minimum,MSLDC Daily System Operations Report,WEBSITE23Aug2026.pdf
2026-08-23T10:00:00+05:30,3006.0,morning_peak,MSLDC Daily System Operations Report,WEBSITE23Aug2026.pdf
2026-08-23T16:00:00+05:30,3060.0,day_peak,MSLDC Daily System Operations Report,WEBSITE23Aug2026.pdf
2026-08-23T20:00:00+05:30,2992.0,evening_peak,MSLDC Daily System Operations Report,WEBSITE23Aug2026.pdf
2026-08-24T03:00:00+05:30,2471.0,night_minimum,MSLDC Daily System Operations Report,WEBSITE24Aug2026.pdf
2026-08-24T10:00:00+05:30,3533.0,morning_peak,MSLDC Daily System Operations Report,WEBSITE24Aug2026.pdf
2026-08-24T16:00:00+05:30,3729.0,day_peak,MSLDC Daily System Operations Report,WEBSITE24Aug2026.pdf
2026-08-24T20:00:00+05:30,3494.0,evening_peak,MSLDC Daily System Operations Report,WEBSITE24Aug2026.pdf
2026-08-25T03:00:00+05:30,2527.0,night_minimum,MSLDC Daily System Operations Report,WEBSITE25Aug2026.pdf
2026-08-25T10:00:00+05:30,3567.0,morning_peak,MSLDC Daily System Operations Report,WEBSITE25Aug2026.pdf
2026-08-25T16:00:00+05:30,3774.0,day_peak,MSLDC Daily System Operations Report,WEBSITE25Aug2026.pdf
2026-08-25T20:00:00+05:30,3585.0,evening_peak,MSLDC Daily System Operations Report,WEBSITE25Aug2026.pdf
2026-08-26T03:00:00+05:30,2466.0,night_minimum,MSLDC Daily System Operations Report,WEBSITE26Aug2026.pdf
2026-08-26T10:00:00+05:30,3442.0,morning_peak,MSLDC Daily System Operations Report,WEBSITE26Aug2026.pdf
2026-08-26T16:00:00+05:30,3659.0,day_peak,MSLDC Daily System Operations Report,WEBSITE26Aug2026.pdf
2026-08-26T20:00:00+05:30,3441.0,evening_peak,MSLDC Daily System Operations Report,WEBSITE26Aug2026.pdf
2026-08-27T03:00:00+05:30,2611.0,night_minimum,MSLDC Daily System Operations Report,WEBSITE27Aug2026.pdf
2026-08-27T10:00:00+05:30,3814.0,morning_peak,MSLDC Daily System Operations Report,WEBSITE27Aug2026.pdf
2026-08-27T16:00:00+05:30,3781.0,day_peak,MSLDC Daily System Operations Report,WEBSITE27Aug2026.pdf
2026-08-27T20:00:00+05:30,3523.0,evening_peak,MSLDC Daily System Operations Report,WEBSITE27Aug2026.pdf
2026-08-28T03:00:00+05:30,2597.0,night_minimum,MSLDC Daily System Operations Report,WEBSITE28Aug2026.pdf
2026-08-28T10:00:00+05:30,3636.0,morning_peak,MSLDC Daily System Operations Report,WEBSITE28Aug2026.pdf
2026-08-28T16:00:00+05:30,3690.0,day_peak,MSLDC Daily System Operations Report,WEBSITE28Aug2026.pdf
2026-08-28T20:00:00+05:30,3275.0,evening_peak,MSLDC Daily System Operations Report,WEBSITE28Aug2026.pdf
2026-08-29T03:00:00+05:30,2596.0,night_minimum,MSLDC Daily System Operations Report,WEBSITE29Aug2026.pdf
2026-08-29T10:00:00+05:30,3564.0,morning_peak,MSLDC Daily System Operations Report,WEBSITE29Aug2026.pdf
2026-08-29T16:00:00+05:30,3642.0,day_peak,MSLDC Daily System Operations Report,WEBSITE29Aug2026.pdf
2026-08-29T20:00:00+05:30,3352.0,evening_peak,MSLDC Daily System Operations Report,WEBSITE29Aug2026.pdf
2026-08-30T03:00:00+05:30,2574.0,night_minimum,MSLDC Daily System Operations Report,WEBSITE30Aug2026.pdf
2026-08-30T10:00:00+05:30,2841.0,morning_peak,MSLDC Daily System Operations Report,WEBSITE30Aug2026.pdf
2026-08-30T16:00:00+05:30,3013.0,day_peak,MSLDC Daily System Operations Report,WEBSITE30Aug2026.pdf
2026-08-30T20:00:00+05:30,3034.0,evening_peak,MSLDC Daily System Operations Report,WEBSITE30Aug2026.pdf
